id,from,to,altitude,lat,lon,name,state
00003,1891-01-01,2011-03-31,202,50.7827,6.0941,Aachen,Nordrhein-Westfalen
00011,1980-09-01,NA,680,47.9737,8.5205,Donaueschingen (Landeplatz),Baden-Württemberg
00044,1971-03-01,2020-01-16,44,52.9336,8.237,Großenkneten,Niedersachsen
00052,1973-01-01,2001-12-31,46,53.6623,10.199,Ahrensburg-Wulfsdorf,Schleswig-Holstein
00061,1975-07-01,1978-08-31,339,48.8443,12.6171,Aiterhofen,Bayern
00070,1973-06-01,1986-09-30,712,48.2052,9.0371,Albstadt-Ebingen,Baden-Württemberg
00071,1986-11-01,2019-12-31,759,48.2156,8.9784,Albstadt-Badkap,Baden-Württemberg
00072,1978-10-01,1995-05-31,794,48.2766,9.0001,Albstadt-Onstmettingen,Baden-Württemberg
00073,1959-03-01,2020-01-16,340,48.6159,13.0506,Aldersbach-Kriestorf,Bayern
00078,1961-01-01,2020-01-16,65,52.4853,7.9126,Alfhausen,Niedersachsen
00090,1988-02-19,NA,305,50.7557,9.2583,Alsfeld,Hessen
00091,1978-11-01,2020-01-16,300,50.7446,9.345,Alsfeld-Eifa,Hessen
00093,1977-12-01,1978-10-31,269,50.7691,9.2542,Alsfeld-Reibertenrod,Hessen
00096,2019-04-10,2020-01-16,50,52.9437,12.8518,Neuruppin-Alt Ruppin,Brandenburg
00098,1947-01-01,1954-12-31,780,51.189,8.4671,Altastenberg,Nordrhein-Westfalen
00102,1998-01-01,2020-01-16,32,53.8633,8.1275,Leuchtturm Alte Weser,Niedersachsen
00106,1971-01-01,2006-12-01,500,51.7976,10.4429,Altenau,Niedersachsen
00116,1947-01-01,1973-05-31,213,50.9833,12.4333,Altenburg,Thüringen
00125,1974-03-01,NA,756,47.8342,10.8667,Altenstadt,Bayern
00126,1979-11-01,NA,330,49.5447,10.2213,Uffenheim (Schulstr.),Bayern
00129,1991-01-01,2006-12-31,33,53.6893,13.242,Altentreptow,Mecklenburg-Vorpommern
00131,2004-11-01,2020-01-16,296,51.0881,12.9326,Geringswalde-Altgeringswalde,Sachsen
00132,1953-12-11,1987-09-30,750,49.7725,12.3891,Altglashütte,Bayern
00142,1955-01-01,2020-01-16,510,48.406,11.3117,Altomünster-Maisbrunn,Bayern
00150,1951-01-01,2020-01-16,215,49.7273,8.1164,Alzey,Rheinland-Pfalz
00151,1947-01-01,2020-01-16,382,49.4691,11.8546,Amberg-Unterammersricht,Bayern
00154,1994-01-01,2020-01-16,515,48.0197,12.2924,Amerang-Pfaffing,Bayern
00161,2011-09-01,2020-01-16,75,50.4237,7.4202,Andernach,Rheinland-Pfalz
00164,1947-01-01,2020-01-16,54,53.0316,13.9908,Angermünde,Brandenburg
00167,2004-09-01,2020-01-16,9,53.8412,13.6846,Anklam,Mecklenburg-Vorpommern
00169,1947-01-01,1966-12-31,630,50.573,13.0053,Annaberg-Buchholz,Sachsen
00172,1969-05-01,1991-11-30,395,52.2486,9.5056,Annaturm,Niedersachsen
00174,1984-03-01,1987-12-31,250,49.1886,7.9766,Annweiler-Bindersbach,Rheinland-Pfalz
00175,1952-01-01,1976-04-30,413,49.2964,10.5751,Ansbach,Bayern
00176,1976-06-01,1995-11-30,481,49.2475,10.5826,Ansbach-Claffheim,Bayern
00177,1947-06-12,1957-10-31,418,49.3158,10.5815,Ansbach-Hennenbach,Bayern
00181,1999-11-01,NA,30,52.8761,11.5042,Arendsee,Sachsen-Anhalt
00183,1947-01-01,2020-01-16,42,54.6792,13.4343,Arkona,Mecklenburg-Vorpommern
00184,1947-01-01,1966-06-30,55,52.6769,12.0077,Arneburg,Sachsen-Anhalt
00185,1946-01-01,1957-12-31,3,54.6289,9.9294,Arnis,Schleswig-Holstein
00186,1947-01-02,1998-09-30,218,51.3773,8.0713,Arnsberg,Nordrhein-Westfalen
00191,1986-04-01,2020-01-16,220,49.9695,9.9113,Arnstein-Müdesheim,Bayern
00193,1968-01-01,1997-10-31,232,51.3845,9.082,Arolsen-Neu Berich,Hessen
00197,1990-08-01,NA,365,51.3218,9.0558,"Arolsen-Volkhardinghausen, Bad",Hessen
00198,1954-01-17,2020-01-16,164,51.3745,11.292,Artern,Thüringen
00202,1947-01-01,1951-12-31,110,49.9778,9.1114,Aschaffenburg,Bayern
00207,1947-01-01,1964-12-31,105,51.7498,11.4667,Aschersleben,Sachsen-Anhalt
00211,1981-09-01,1999-12-31,200,50.58,8.4685,Aßlar Klein-Altenstädten,Hessen
00217,1941-01-01,2020-01-16,672,47.8774,11.3642,Attenkam,Bayern
00221,1985-08-01,1990-05-31,483,48.5515,11.7117,Au i.d.Hallertau-Günzenhausen,Bayern
00222,1977-01-01,2020-01-16,387,50.5907,12.714,Aue,Sachsen
00231,1901-01-01,1974-04-30,490,48.3723,10.8948,Augsburg (Sankt Stephan),Bayern
00232,1947-01-01,2020-01-16,461,48.4254,10.942,Augsburg,Bayern
00243,1958-09-01,2006-12-31,4,53.4621,7.467,Aurich,Niedersachsen
00257,1949-01-01,2020-01-16,240,48.727,8.2457,Baden-Baden-Geroldsau,Baden-Württemberg
00259,1947-01-01,2020-01-16,273,47.8064,7.6387,Müllheim,Baden-Württemberg
00268,1954-01-01,1972-01-31,622,48.5293,8.2727,Baiersbronn-Obertal,Baden-Württemberg
00273,1986-12-01,1990-04-30,467,47.8413,9.6606,Baindt,Baden-Württemberg
00282,1949-01-01,2020-01-16,240,49.8743,10.9206,Bamberg,Bayern
00283,1948-01-01,1959-12-31,382,49.8808,10.8695,Bamberg-Altenburg,Bayern
00284,1879-01-01,1958-12-31,282,49.88,10.88,Bamberg (Sternwarte),Bayern
00288,1991-01-01,1998-08-31,3,53.8409,13.7549,Bargischow-Gnevezin,Mecklenburg-Vorpommern
00294,1992-02-01,2020-01-16,110,52.3199,9.43,Barsinghausen-Hohenbostel,Niedersachsen
00298,1947-01-01,2020-01-16,3,54.3406,12.7108,Barth,Mecklenburg-Vorpommern
00303,1998-01-01,2020-01-16,55,52.0614,13.4996,Baruth,Brandenburg
00314,1945-09-01,2020-01-16,234,51.1604,14.5042,"Kubschütz, Kr. Bautzen",Sachsen
00320,1947-01-01,2020-01-16,350,49.9667,11.5197,Heinersreuth-Vollhof,Bayern
00321,1979-01-01,1995-10-31,789,47.6797,12.0017,Bayrischzell,Bayern
00326,2004-07-01,2013-07-07,120,51.7204,8.0577,Beckum-Unterberg,Nordrhein-Westfalen
00327,1962-09-01,1996-10-31,27,53.6234,8.8323,Bederkesa,Niedersachsen
00330,1937-01-01,2020-01-16,450,49.5617,8.9673,Oberzent-Beerfelden,Hessen
00335,1976-12-01,1977-10-31,4,54.3426,10.6018,Behrensdorf,Schleswig-Holstein
00341,1968-02-01,1993-01-31,235,47.7277,7.552,"Bellingen, Bad",Baden-Württemberg
00342,2010-12-01,2020-01-16,103,52.317,8.1694,Belm,Niedersachsen
00348,1990-01-01,2011-08-31,127,50.4135,7.5886,Bendorf,Rheinland-Pfalz
00350,1999-06-01,1999-12-31,540,51.6715,10.7268,Benneckenstein,Sachsen-Anhalt
00355,1947-01-01,1989-10-31,140,49.6789,8.6276,Bensheim,Hessen
00361,1948-01-01,1975-12-31,550,47.6344,13.0109,Berchtesgaden (KKst),Bayern
00365,1991-10-01,2002-09-30,421,49.3311,11.4303,Berg/Oberpfalz,Bayern
00368,1973-01-01,NA,70,52.8152,9.9248,Bergen,Niedersachsen
00377,1947-01-01,2020-01-16,210,49.107,7.9967,"Bergzabern, Bad",Rheinland-Pfalz
00379,2017-09-01,2020-01-16,303,50.9074,11.2665,"Berka, Bad (Flugplatz)",Thüringen
00386,1973-07-01,1986-11-30,445,51.0454,8.3851,"Berleburg, Bad",Nordrhein-Westfalen
00390,1986-12-01,2020-01-16,610,50.9837,8.3683,"Berleburg, Bad-Stünzel",Nordrhein-Westfalen
00395,1948-07-01,1953-12-31,38,52.4167,13.4833,Berlin-Adlershof,Berlin
00399,1975-01-01,2011-07-31,36,52.5198,13.4057,Berlin-Alexanderplatz,Berlin
00400,1961-01-01,2020-01-16,60,52.6309,13.5022,Berlin-Buch,Berlin
00402,1876-01-01,1962-12-31,55,52.4564,13.2997,Berlin-Dahlem (LFAG),Berlin
00403,1950-01-01,2020-01-16,51,52.4537,13.3017,Berlin-Dahlem (FU),Berlin
00405,1951-04-01,1954-12-31,37,52.45,13.65,Berlin-Friedrichshagen,Berlin
00407,1958-01-01,1978-03-31,48,52.6461,13.2858,Berlin-Frohnau,Berlin
00408,1948-12-01,1951-11-30,35,52.5333,13.3833,Berlin-Invalidenstraße,Berlin
00410,1996-06-01,2018-12-09,33,52.404,13.7309,Berlin-Kaniswall,Berlin
00416,1982-07-01,1996-09-30,47,52.4069,13.4127,Berlin-Lichtenrade,Berlin
00417,1936-01-01,1956-10-31,43,52.4144,13.3036,Berlin-Lichterfelde (Süd),Berlin
00420,1993-05-01,2020-01-16,60,52.5447,13.5598,Berlin-Marzahn,Berlin
00422,1956-01-01,1964-12-31,35,52.5333,13.3833,Berlin-Mitte,Berlin
00424,1954-01-01,1980-12-31,36,52.5,13.4667,Berlin-Ostkreuz,Berlin
00425,1959-01-01,1982-06-30,38,52.4044,13.4838,Berlin-Rudow,Berlin
00427,1967-01-01,2020-01-16,46,52.3807,13.5306,Berlin-Schönefeld,Brandenburg
00429,1986-10-01,1987-01-31,32,52.5667,13.1694,Berlin-Spandau,Berlin
00430,1963-01-01,2020-01-16,36,52.5644,13.3088,Berlin-Tegel,Berlin
00432,1978-04-01,1994-12-31,36,52.6044,13.2952,Berlin-Tegeler Fliesstal,Berlin
00433,1948-01-01,2020-01-16,48,52.4675,13.4021,Berlin-Tempelhof,Berlin
00434,1947-01-01,1960-12-31,35,52.4553,13.4699,Berlin-Treptow,Berlin
00435,1964-01-01,2006-12-31,45,52.4289,13.2327,Berlin-Zehlendorf,Berlin
00445,1898-01-01,2020-01-16,84,51.8218,11.7109,Bernburg/Saale (Nord),Sachsen-Anhalt
00450,1945-01-01,2012-12-03,120,49.9186,7.0664,Bernkastel-Kues,Rheinland-Pfalz
00458,1975-01-01,1988-03-31,185,50.0699,7.0306,"Bertrich, Bad",Rheinland-Pfalz
00460,1951-01-01,2020-01-16,363,49.264,6.6868,Berus,Saarland
00474,1959-01-01,1986-09-30,599,48.1252,9.7639,Warthausen-Birkenhard,Baden-Württemberg
00480,1945-01-01,2006-12-31,296,50.9275,8.4935,Biedenkopf-Wallau,Hessen
00502,1967-08-01,2006-12-31,412,49.8747,9.4883,Bischbrunn,Bayern
00508,1994-04-01,2010-12-31,675,50.0539,11.8149,Bischofsgrün,Bayern
00524,1947-01-01,1992-12-31,80,51.6333,12.3167,Bitterfeld,Sachsen-Anhalt
00526,1951-01-01,1975-12-31,254,50.6738,11.2805,"Blankenburg, Bad",Thüringen
00535,1947-01-01,2020-01-16,417,50.0372,7.3079,Blankenrath,Rheinland-Pfalz
00550,1994-05-01,2002-09-30,344,50.9041,11.7985,Bobeck,Thüringen
00553,1954-01-01,1974-08-31,25,51.838,6.6107,Bocholt (Marienschule),Nordrhein-Westfalen
00554,1947-01-01,2006-02-28,23,51.8293,6.5365,Bocholt-Liedern (Wasserwerk),Nordrhein-Westfalen
00555,1940-01-01,2018-10-31,101,51.4789,7.2697,Bochum,Nordrhein-Westfalen
00570,1979-01-01,1981-12-31,648,49.0768,13.0765,Bodenmais-Mais,Bayern
00576,1987-08-01,2003-12-31,445,48.6759,8.9732,Böblingen,Baden-Württemberg
00578,1951-03-01,1966-12-31,379,48.9451,11.3667,Böhming,Bayern
00588,1992-05-01,1996-07-31,105,51.752,9.3953,Boffzen,Niedersachsen
00591,1947-01-01,2020-01-16,45,53.3911,10.6878,Boizenburg,Mecklenburg-Vorpommern
00592,1946-01-01,1962-12-31,10,53.8634,9.7344,Bokel,Schleswig-Holstein
00594,1993-01-01,2000-03-01,425,48.6407,9.6136,"Boll, Bad (KKst)",Baden-Württemberg
00596,1947-01-01,2020-01-16,15,54.0028,11.1908,Boltenhagen,Mecklenburg-Vorpommern
00598,1949-01-01,1957-08-31,62,50.7285,7.0839,Bonn,Nordrhein-Westfalen
00599,1932-10-01,1999-03-01,62,50.7055,7.1467,Bonn-Friesdorf,Nordrhein-Westfalen
00601,1974-01-01,2003-10-31,158,50.6983,7.0356,Bonn-Hardthöhe,Nordrhein-Westfalen
00603,2000-07-04,2020-01-12,144,50.729,7.2047,Königswinter-Heiderhof,Nordrhein-Westfalen
00604,1971-01-01,2005-10-31,875,47.8194,8.3348,Bonndorf/Schwarzwald,Baden-Württemberg
00606,1950-01-01,1954-07-31,569,48.0791,10.1977,Boos,Bayern
00614,1952-09-01,2007-12-31,240,51.5709,9.312,Borgentreich-Bühne,Nordrhein-Westfalen
00617,2004-06-01,2020-01-16,47,51.873,6.8863,Borken in Westfalen,Nordrhein-Westfalen
00619,1947-01-01,2006-02-28,12,53.5788,6.6703,Borkum-Süderstraße,Niedersachsen
00634,1980-03-01,1991-03-31,373,49.4442,9.6458,Boxberg-Seehof,Baden-Württemberg
00635,1980-05-01,1990-09-30,378,49.45,9.6333,Boxberg-Seehof (West),Baden-Württemberg
00636,1981-11-01,1991-03-31,373,49.45,9.65,Boxberg-Seehof (Wind-3m),Baden-Württemberg
00642,1966-01-01,1993-10-31,1,53.3517,8.4969,Brake,Niedersachsen
00643,1993-11-01,1994-12-31,0,53.296,8.4529,Brake-Süderfeld,Niedersachsen
00645,1947-01-01,1952-01-31,75,52.4083,7.9682,Bramsche,Niedersachsen
00648,1963-05-01,2006-12-31,9,53.8551,9.7152,Brande-Hörnerkirchen,Schleswig-Holstein
00650,1948-07-01,2001-04-30,35,52.4136,12.5503,Brandenburg-Görden,Brandenburg
00652,1949-01-01,1958-07-31,384,49.5353,10.7706,Hagenbüchach,Bayern
00656,1931-01-01,2020-01-16,607,51.7234,10.6021,Braunlage,Niedersachsen
00657,1955-01-01,1955-10-31,625,51.6634,10.669,Braunlage-Hohegeiß,Niedersachsen
00660,1948-01-01,1960-12-31,83,52.2744,10.5656,Braunschweig-Gliesmarode,Niedersachsen
00661,1891-01-01,1953-12-31,75,52.2708,10.5334,Braunschweig (T.H.),Niedersachsen
00662,1961-01-01,2020-01-16,81,52.2915,10.4464,Braunschweig,Niedersachsen
00675,1980-07-01,1988-02-29,218,48.0333,7.6,Breisach-Eckartsberg,Baden-Württemberg
00685,1998-01-14,2006-11-01,585,49.9017,9.4281,Breitsol,Bayern
00691,1890-01-01,2020-01-16,4,53.045,8.7979,Bremen,Bremen
00699,1949-01-01,1958-06-30,4,53.1004,8.7834,Bremen-Seefahrtschule,Bremen
00701,1949-01-01,2020-01-16,7,53.5332,8.5761,Bremerhaven,Bremen
00702,1948-01-01,1960-06-30,8,53.5876,8.6015,Bremerhaven-Speckenbüttel,Bremen
00703,1937-01-01,1985-05-31,5,53.4779,9.1553,Bremervörde (A),Niedersachsen
00704,1998-01-01,2020-01-16,11,53.4451,9.139,Bremervörde,Niedersachsen
00705,1985-06-01,2006-12-31,5,53.5312,9.1664,Bremervörde-Niederochtenhausen,Niedersachsen
00706,1971-05-01,2004-12-31,234,47.8858,7.6611,Eschbach,Baden-Württemberg
00710,1983-11-01,2003-12-31,181,49.025,8.6991,Bretten,Baden-Württemberg
00717,1937-01-01,2004-06-30,443,51.3873,8.5737,Brilon,Nordrhein-Westfalen
00722,1896-01-01,2020-01-16,1134,51.7986,10.6183,Brocken,Sachsen-Anhalt
00727,1958-01-01,1986-12-31,290,49.7345,8.9557,Brombachtal-Kirch-Brombach,Hessen
00728,1981-02-01,1986-12-31,1016,48.8171,13.2176,Brotjacklriegel (UBA),Bayern
00729,1947-01-01,1980-12-31,600,50.8282,10.454,Brotterode,Thüringen
00736,1947-01-01,1999-12-31,390,49.6303,7.1148,Brücken,Rheinland-Pfalz
00743,1975-01-01,2001-09-28,73,51.2,6.1333,Brüggen (Flugplatz),Nordrhein-Westfalen
00748,1966-01-01,2008-09-30,5,53.8887,9.1411,Brunsbüttel (Schleuse),Schleswig-Holstein
00755,1935-01-01,2020-01-16,340,49.5182,9.3213,"Buchen, Kr. Neckar-Odenwald",Baden-Württemberg
00757,1990-10-01,2020-01-16,445,47.9625,7.9983,Buchenbach,Baden-Württemberg
00760,1976-06-01,2020-01-16,82,53.3629,9.9435,Rosengarten-Klecken,Niedersachsen
00766,1965-01-01,NA,477,50.1746,7.0595,Büchel (Flugplatz),Rheinland-Pfalz
00769,1979-01-01,2006-09-30,68,52.2817,9.0889,Bückeburg,Niedersachsen
00771,1947-01-01,1955-12-31,148,50.2769,9.1167,Büdingen,Hessen
00772,1947-01-01,1986-04-30,190,48.6957,8.1744,Bühlertal,Baden-Württemberg
00773,1986-05-01,2004-12-31,478,48.6743,8.1799,Bühlertal-Obertal,Baden-Württemberg
00781,1988-01-01,1994-03-31,221,51.6126,8.619,Bühren-Ahden,Nordrhein-Westfalen
00788,1965-01-01,NA,3,54.1193,8.8584,Büsum,Schleswig-Holstein
00793,1992-01-01,1994-10-31,530,49.662,7.1098,Buhlenberg,Rheinland-Pfalz
00807,1941-01-01,2006-12-31,290,49.745,10.6434,Schlüsselfeld (Kläranlage),Bayern
00817,1952-10-01,2020-01-16,293,51.0306,8.8146,Burgwald-Bottendorf,Hessen
00829,1979-07-01,NA,479,50.396,8.5465,Butzbach-Bodenrod,Hessen
00833,1972-05-01,2001-04-30,615,50.6951,13.4975,Neuhausen/Erzgeb.-Rauschenbach (Talsp.),Sachsen
00840,1995-03-01,2020-01-16,897,50.4313,12.6114,Carlsfeld,Sachsen
00848,1940-01-01,1978-12-31,38,52.6146,10.0726,Celle (Stadt),Niedersachsen
00850,1979-01-01,2006-12-31,39,52.5959,10.0296,Celle,Niedersachsen
00851,1948-02-01,1996-04-30,392,49.2504,12.6042,Pemfling-Pitzling,Bayern
00853,1882-01-01,2020-01-16,418,50.7913,12.872,Chemnitz,Sachsen
00856,1998-01-01,2020-01-16,551,47.8843,12.5404,Chieming,Bayern
00863,1890-01-01,2012-03-31,585,51.7904,10.347,Clausthal-Zellerfeld,Niedersachsen
00865,1960-01-01,1971-02-28,42,52.8441,8.0624,Cloppenburg,Niedersachsen
00867,1947-01-01,2020-01-16,344,50.3066,10.9679,Lautertal-Oberlauter,Bayern
00876,1947-01-01,1988-12-31,314,51.304,13.0096,Collmberg,Sachsen
00879,2000-07-01,NA,68,51.7667,14.2833,Cottbus (Flugplatz),Brandenburg
00880,1888-11-01,2020-01-16,69,51.776,14.3168,Cottbus,Brandenburg
00881,1950-01-01,2003-12-31,423,49.0985,10.0979,Crailsheim-Alexandersreut,Baden-Württemberg
00888,1965-01-01,1991-12-09,269,50.8149,12.3821,Crimmitschau,Sachsen
00891,1946-01-01,2020-01-16,5,53.8713,8.7058,Cuxhaven,Niedersachsen
00896,1963-01-01,2020-01-16,170,51.0778,10.8619,Dachwig,Thüringen
00909,1986-01-01,1993-11-30,54,54.0551,10.298400000000001,Damsdorf,Schleswig-Holstein
00917,1995-08-01,2020-01-16,162,49.8809,8.6779,Darmstadt,Hessen
00918,1987-10-01,1995-07-31,122,49.8453,8.624,Darmstadt (A),Hessen
00919,1937-02-03,1974-07-31,169,49.8697,8.6796,Darmstadt-Botanischer Garten,Hessen
00920,1949-01-01,1987-09-30,108,49.8564,8.5929,Darmstadt (US-Air-Base),Hessen
00927,1985-10-01,2000-12-31,430,50.1957,6.8279,Daun,Rheinland-Pfalz
00931,1989-08-01,2003-12-31,708,47.8007,9.4108,Deggenhausertal-Azenweiler,Baden-Württemberg
00948,1948-03-01,1950-12-31,60,51.8512,12.2515,Dessau,Sachsen-Anhalt
00950,1985-01-01,1993-02-28,194,51.95,8.9,Detmold,Nordrhein-Westfalen
00953,1950-08-01,2020-01-16,481,49.7619,7.0541,Deuselbach,Rheinland-Pfalz
00954,1998-01-01,2019-07-25,0,54.1796,7.4587,UFS Deutsche Bucht,Hamburg
00963,1952-09-01,2020-01-16,38,52.5881,8.3424,Diepholz,Niedersachsen
00964,1952-01-01,1962-12-31,413,50.0832,6.8904,Dierfeld,Rheinland-Pfalz
00965,1948-06-01,1990-06-30,100,51.2401,13.4166,Diesbar-Seußlitz,Sachsen
00970,1985-04-01,1999-06-30,405,49.4158,10.673400000000001,Dietenhofen,Bayern
00979,1947-11-01,2020-01-16,314,50.7364,8.2672,Dillenburg,Hessen
00981,1982-05-01,2001-12-31,193,49.3531,6.749,Dillingen (Saar),Saarland
00982,1947-05-01,2006-11-30,420,48.5701,10.4985,Dillingen/Donau,Bayern
00983,2006-12-01,2020-01-16,419,48.5562,10.5599,Dillingen/Donau-Fristingen,Bayern
00991,1954-09-01,2020-01-16,359,50.9116,13.7087,Dippoldiswalde-Reinberg,Sachsen
00998,1948-01-01,1952-11-10,696,48.7968,8.4921,Dobel,Baden-Württemberg
01000,1991-07-01,1997-08-31,3,54.1442,11.8454,"Doberan, Bad-Heiligendamm",Mecklenburg-Vorpommern
01001,1948-07-01,2020-01-16,97,51.6451,13.5747,Doberlug-Kirchhain,Brandenburg
01003,1947-01-01,1966-12-31,201,51.1333,13.1167,Döbeln,Sachsen
01006,1947-11-01,1961-09-30,15,53.1399,11.2544,Dömitz,Mecklenburg-Vorpommern
01010,1987-04-01,NA,5,52.9732,7.3209,Dörpen (Kläranlage),Niedersachsen
01011,1990-10-11,NA,442,49.6017,7.7413,Dörrmoschel-Felsbergerhof,Rheinland-Pfalz
01013,1980-04-01,NA,309,47.6026,8.1697,Dogern,Baden-Württemberg
01018,1951-06-01,2004-12-31,677,47.9422,8.5046,Donaueschingen,Baden-Württemberg
01032,1950-01-01,1999-09-30,120,51.512,7.5345,Dortmund,Nordrhein-Westfalen
01035,1993-12-01,2000-11-30,122,51.5206,7.6161,Dortmund-Wickede,Nordrhein-Westfalen
01047,1828-01-01,1915-12-31,112,51.0557,13.7274,Dresden (Mitte),Sachsen
01048,1934-01-01,2020-01-16,227,51.128,13.7543,Dresden-Klotzsche,Sachsen
01050,1949-01-01,2020-01-16,114,51.0221,13.847,Dresden-Hosterwitz,Sachsen
01051,1936-01-01,2020-01-16,120,51.0248,13.775,Dresden-Strehlen,Sachsen
01052,1993-05-01,2020-01-16,80,52.2174,12.1641,Drewitz bei Burg,Sachsen-Anhalt
01053,1937-01-01,2003-07-31,192,51.7337,9.0445,"Driburg, Bad",Nordrhein-Westfalen
01066,1963-01-01,1976-12-31,180,51.504,10.2613,Duderstadt,Niedersachsen
01072,1952-01-01,2020-01-16,107,49.4719,8.1929,"Dürkheim, Bad",Rheinland-Pfalz
01073,1936-01-01,1952-12-31,115,49.4686,8.1797,"Dürkheim, Bad (Saline)",Rheinland-Pfalz
01074,1947-04-01,1973-02-28,103,51.3043,12.081,"Dürrenberg, Bad",Sachsen-Anhalt
01076,1936-08-01,1945-03-31,692,48.0135,8.5343,"Dürrheim, Bad",Baden-Württemberg
01078,1969-07-01,2020-01-16,37,51.296,6.7686,Düsseldorf,Nordrhein-Westfalen
01079,1935-01-01,1996-07-31,37,51.1998,6.7574,Düsseldorf-Südfriedhof,Nordrhein-Westfalen
01084,1994-05-01,2007-05-31,31,51.394,6.7026,Duisburg-Friemersheim,Nordrhein-Westfalen
01087,1951-01-01,1993-12-31,21,51.4634,6.7321,Duisburg-Laar,Nordrhein-Westfalen
01091,1991-01-01,2007-12-31,258,51.2806,10.7362,Ebeleben,Thüringen
01093,1951-01-01,2005-10-31,131,49.4593,8.9595,Eberbach (LUBW),Baden-Württemberg
01102,1987-11-01,2002-12-31,300,48.7201,9.5328,Ebersbach/Fils,Baden-Württemberg
01103,1978-01-01,2020-01-16,592,48.1002,11.9872,Ebersberg-Halbing,Bayern
01106,1947-01-01,1950-12-31,45,52.8239,13.7979,Eberswalde,Brandenburg
01107,1963-01-01,2020-01-16,346,49.852,10.499,Ebrach,Bayern
01126,1984-04-01,1999-01-30,117,49.96,8.64,Egelsbach,Hessen
01130,1972-04-01,NA,17,54.6282,9.3649,Eggebek,Schleswig-Holstein
01146,1985-07-01,1987-07-31,487,48.6593,8.9121,Ehningen,Baden-Württemberg
01154,1945-01-01,1966-09-30,470,48.3416,12.882,Eiberg,Bayern
01161,1955-01-01,2020-01-16,384,48.8777,11.2349,Eichstätt-Landershofen,Bayern
01163,1976-11-01,2007-02-24,4,54.2667,8.85,Eidersperrwerk,Schleswig-Holstein
01169,1976-02-01,1999-09-30,264,47.6288,7.5959,Eimeldingen,Baden-Württemberg
01172,1951-01-01,1989-11-30,123,51.8189,9.8871,Einbeck,Niedersachsen
01182,1947-01-01,2001-05-31,146,51.5029,11.5705,Eisleben-Helfta,Sachsen-Anhalt
01188,1947-01-01,1966-12-31,518,50.7041,10.8576,Elgersburg,Thüringen
01197,1941-01-01,2020-01-16,460,48.9895,10.1312,Ellwangen-Rindelbach,Baden-Württemberg
01200,1998-01-02,2020-01-16,3,54.0691,9.0105,Elpersbüttel,Schleswig-Holstein
01201,1947-07-01,2000-12-31,85,50.9281,6.5646,Elsdorf/Erftkreis,Nordrhein-Westfalen
01204,1949-01-01,1965-12-31,1,53.2346,8.4612,Elsfleth,Niedersachsen
01207,1948-06-01,2020-01-16,560,50.2705,12.2742,"Elster, Bad-Sohl",Sachsen
01214,1987-11-01,2020-01-16,440,48.2012,8.1089,Elzach-Fisnacht,Baden-Württemberg
01219,1947-01-01,1997-06-30,5,53.3449,7.1909,Emden-Nesserland,Niedersachsen
01221,1955-01-01,1974-02-28,0,53.3707,7.2236,Emden-Wolthusen,Niedersachsen
01224,1975-11-01,2020-01-16,201,48.1378,7.8351,Emmendingen-Mundingen,Baden-Württemberg
01228,2000-07-01,2020-01-16,0,54.1651,6.346,UFS TW Ems,Hamburg
01229,1947-01-01,1997-03-31,90,50.3324,7.6975,"Ems, Bad",Rheinland-Pfalz
01238,1951-01-01,1996-09-30,144,50.9884,7.425,Engelskirchen,Nordrhein-Westfalen
01239,1986-08-01,2008-09-22,540,47.8516,8.7673,Engen/Hegau,Baden-Württemberg
01243,1976-01-01,1985-09-30,705,48.4734,9.3028,Eningen,Baden-Württemberg
01246,2015-08-01,2020-01-16,104,51.8418,8.0607,Ennigerloh-Ostenfelde,Nordrhein-Westfalen
01254,1947-07-04,2002-11-30,210,49.1307,8.9165,Eppingen,Baden-Württemberg
01255,2002-12-01,2018-12-31,220,49.1664,8.8523,Eppingen-Elsenz,Baden-Württemberg
01261,1969-01-01,NA,460,48.3192,11.944,Erding,Bayern
01262,1992-05-17,2020-01-16,446,48.3477,11.8133,München-Flughafen,Bayern
01266,1964-05-01,2020-01-16,18,54.2992,9.3162,Erfde,Schleswig-Holstein
01270,1951-01-01,2020-01-16,316,50.9829,10.9608,Erfurt-Weimar,Thüringen
01275,1967-04-01,1980-12-31,340,48.3008,13.1398,Ering,Bayern
01276,1980-08-01,2002-12-31,408,47.6358,9.5392,Eriskirch-Mariabrunn,Baden-Württemberg
01279,1949-01-01,2020-01-16,268,49.6497,11.0074,Möhrendorf-Kleinseebach,Bayern
01280,1947-04-01,1953-12-31,280,49.5692,10.9929,Erlangen-Bruck,Bayern
01281,1982-01-01,2001-04-30,284,49.5653,10.9729,Erlangen-Frauenaurach,Bayern
01287,1991-12-01,2006-08-31,198,49.8589,9.2861,Eschau-Hobbach,Bayern
01292,1967-01-01,2006-04-30,470,49.7522,11.8222,Eschenbach/Oberpfalz,Bayern
01297,1948-09-01,2020-01-16,156,51.2041,10.0138,Eschwege,Hessen
01299,1979-09-01,1999-10-31,3,53.6476,7.6085,Esens,Niedersachsen
01300,1938-01-01,2020-01-16,351,51.254,8.1565,Eslohe,Nordrhein-Westfalen
01303,1935-01-01,2020-01-16,150,51.4041,6.9677,Essen-Bredeney,Nordrhein-Westfalen
01327,1937-01-01,2020-01-16,147,50.7119,6.7905,Weilerswist-Lommersum,Nordrhein-Westfalen
01329,1936-01-01,2003-12-31,50,54.134,10.5865,Eutin,Schleswig-Holstein
01332,1966-07-01,2020-01-16,472,48.4832,12.7241,"Falkenberg,Kr.Rottal-Inn",Bayern
01339,1971-01-01,NA,73,52.9157,10.1885,Faßberg,Niedersachsen
01341,2008-12-18,2011-09-28,0,54.6,11.15,Fehmarnbelt,Schleswig-Holstein
01345,1947-03-01,1962-12-31,92,53.3346,13.4371,Feldberg,Mecklenburg-Vorpommern
01346,1945-01-01,2020-01-16,1490,47.8749,8.0038,Feldberg/Schwarzwald,Baden-Württemberg
01347,1980-02-01,1987-01-31,962,47.8555,8.1155,Feldberg-Altglashütten,Baden-Württemberg
01357,1948-01-01,2020-01-16,654,49.9807,11.8376,Fichtelberg/Oberfranken-Hüttstadl,Bayern
01358,1890-08-01,2020-01-16,1213,50.4283,12.9535,Fichtelberg,Sachsen
01359,1982-01-01,NA,705,50.0242,11.2219,Fichtelberg/Ofr,Bayern
01372,1992-01-01,2002-10-31,757,47.4608,10.2696,Fischen,Bayern
01374,1949-01-12,1972-04-30,366,50.505,10.1668,Fladungen-Heufurt,Bayern
01378,1985-07-01,2006-12-31,45,54.8086,9.4182,Flensburg,Schleswig-Holstein
01379,1957-01-01,1985-06-30,41,54.7737,9.3752,Flensburg (Schäferhaus),Schleswig-Holstein
01380,1941-01-01,1956-12-31,19,54.8147,9.458,Flensburg-Mürwik,Schleswig-Holstein
01392,1987-10-01,2006-12-31,621,49.7316,12.3489,Flossenbürg,Bayern
01403,1965-04-01,1980-10-31,260,50.0616,9.455,Frammersbach,Bayern
01410,1991-01-01,1997-03-31,130,51.3512,11.0958,"Frankenhausen/Kyffhäuser, Bad",Thüringen
01411,1991-01-01,2020-01-16,745,50.5309,10.048,Birx/Rhön,Thüringen
01415,1976-06-01,NA,100,50.0333,8.5333,Frankfurt (07W),Hessen
01416,1984-04-01,NA,97,50.0167,8.5333,Frankfurt (18W),Hessen
01420,1949-01-01,2020-01-16,100,50.0259,8.5213,Frankfurt/Main,Hessen
01421,1961-12-01,1984-08-31,125,50.1474,8.6746,Frankfurt/Main (Stadt),Hessen
01422,1973-08-01,NA,114,50.0972,8.6936,Frankfurt (Henninger Turm),Hessen
01423,1972-05-01,NA,111,50.0496,8.5887,Frankfurt/Main (Terminal),Hessen
01424,1985-11-01,2020-01-16,124,50.1269,8.6694,Frankfurt/Main-Westend,Hessen
01425,1870-01-01,1961-11-30,109,50.1213,8.6601,Frankfurt/Main (Feldbergstr.),Hessen
01426,1947-01-01,1984-12-31,65,52.3397,14.508,Frankfurt/Oder,Brandenburg
01428,1948-01-01,1957-12-31,230,49.2275,8.0585,Frankweiler,Rheinland-Pfalz
01440,1971-05-01,2003-12-31,481,48.2018,7.9336,Freiamt-Ottoschwanden,Baden-Württemberg
01441,1947-01-01,1993-04-30,416,50.9263,13.2711,Freiberg,Sachsen
01443,1949-05-01,2020-01-16,237,48.0232,7.8343,Freiburg,Baden-Württemberg
01447,1947-01-01,1985-06-30,255,48.013,7.8588,Freiburg im Breisgau-Herdern,Baden-Württemberg
01451,1970-11-01,2020-01-16,2,53.8277,9.2493,Freiburg/Elbe,Niedersachsen
01467,1948-01-01,1952-07-18,736,48.4607,8.4141,Freudenstadt-Kurgarten,Baden-Württemberg
01468,1949-01-01,2020-01-16,797,48.4538,8.409,Freudenstadt,Baden-Württemberg
01473,2006-01-01,2019-02-28,414,49.1869,11.308,Freystadt-Michelbach,Bayern
01481,1971-01-01,1998-12-31,928,47.9216,8.2547,Friedenweiler,Baden-Württemberg
01488,1947-01-01,1966-12-31,523,51.6884,11.0394,Friedrichsbrunn,Sachsen-Anhalt
01490,1947-01-01,1980-11-30,394,47.6454,9.4795,Friedrichshafen,Baden-Württemberg
01492,1958-01-01,2003-12-31,852,47.7819,7.7348,Malsburg-Marzell-Friedrichsheim,Baden-Württemberg
01493,1992-07-01,1995-12-31,793,50.4788,11.0159,Friedrichshöhe,Thüringen
01503,1947-02-01,2020-01-16,6,53.0643,7.9022,Friesoythe-Altenoythe,Niedersachsen
01504,2000-07-01,NA,172,51.119,9.2799,Fritzlar (Flugplatz),Hessen
01505,1975-01-01,NA,222,51.1333,9.2833,Fritzlar-Kasseler Warte,Hessen
01513,1947-02-01,1962-11-30,653,50.6588,8.1027,Fuchskauten,Rheinland-Pfalz
01515,1969-01-01,NA,519,48.2,11.2667,Fürstenfeldbruck,Bayern
01522,1947-06-01,1955-03-31,313,49.4811,10.964,Fürth/Bayern (A),Bayern
01526,1949-01-01,2020-01-16,242,50.5668,9.6533,Fulda-Horas,Hessen
01544,1947-01-01,2020-01-16,47,52.5129,11.3941,Gardelegen,Sachsen-Anhalt
01550,1936-01-01,2020-01-16,719,47.483,11.0621,Garmisch-Partenkirchen,Bayern
01552,1995-11-01,1996-04-30,13,53.2066,14.3817,Gartz/Oder,Brandenburg
01568,1958-05-01,1970-12-10,916,50.6549,10.7743,Gehlberg-Schmücke,Thüringen
01572,1982-12-01,2020-01-16,80,50.9593,6.0392,Geilenkirchen (Flugplatz),Nordrhein-Westfalen
01580,1884-07-01,2020-01-16,110,49.9859,7.9549,Geisenheim,Hessen
01583,1947-08-02,1970-12-31,823,50.7719,13.7732,Geisingberg,Sachsen
01584,2009-06-01,2020-01-16,672,47.9242,8.6473,Geisingen,Baden-Württemberg
01586,1961-07-01,1968-04-30,610,47.8774,12.6279,Traunstein-Geißing,Bayern
01587,1998-01-01,2020-01-16,536,48.9481,11.4289,Gelbelsee,Bayern
01590,1963-10-01,2020-01-16,37,51.4942,6.2463,Geldern-Walbeck,Nordrhein-Westfalen
01593,1935-01-01,1974-04-30,190,50.2027,9.1989,Gelnhausen,Hessen
01602,1970-01-01,2020-01-16,176,48.4329,7.9931,Ohlsbach,Baden-Württemberg
01605,1953-01-01,2020-01-16,35,52.3875,12.1601,Genthin,Sachsen-Anhalt
01612,1952-01-01,2020-01-16,311,50.8813,12.1289,Gera-Leumnitz,Thüringen
01617,1952-01-01,2007-12-31,210,51.7259,11.1317,Gernrode,Sachsen-Anhalt
01619,1956-01-01,2005-12-31,90,49.7622,8.4887,Gernsheim,Hessen
01621,1949-01-01,1963-12-31,550,50.2766,9.9146,Geroda-Platz,Bayern
01623,1996-03-01,2002-11-30,530,50.4477,9.9174,Gersfeld,Hessen
01638,1949-01-01,1984-04-30,158,50.591,8.6551,Gießen (Lahntal),Hessen
01639,1939-01-01,2020-01-16,203,50.6017,8.6439,Gießen/Wettenberg,Hessen
01645,1949-01-01,2020-01-16,340,50.9656,9.05,Gilserberg-Moischeid,Hessen
01666,1993-03-01,2001-03-31,12,54.8273,9.5058,Glücksburg-Meierwik,Schleswig-Holstein
01667,1948-01-01,2006-12-31,1,53.797,9.4295,Glückstadt,Schleswig-Holstein
01672,1974-01-01,1978-06-30,19,51.6833,6.1667,Goch,Nordrhein-Westfalen
01684,1935-01-01,2020-01-16,238,51.1622,14.9506,Görlitz,Sachsen
01689,1937-08-01,2004-06-30,443,49.7656,11.3061,Gößweinstein,Bayern
01691,1947-01-01,2020-01-16,167,51.5002,9.9507,Göttingen,Niedersachsen
01694,1947-01-01,2020-01-16,58,53.606,12.1033,Goldberg,Mecklenburg-Vorpommern
01709,1952-01-01,1990-12-31,360,50.8496,13.9392,"Gottleuba, Bad",Sachsen
01721,1991-01-01,2020-01-16,506,49.664,11.2239,Gräfenberg-Kasberg,Bayern
01735,1995-12-01,2020-01-16,628,48.7893,13.6291,Grainet-Rehberg,Bayern
01736,1951-01-01,2020-01-16,27,53.5731,10.6797,Grambek,Schleswig-Holstein
01748,1936-01-01,2005-03-31,608,50.4788,9.262,Grebenhain-Herchenhain,Hessen
01757,1898-03-01,2020-01-16,2,54.0967,13.4056,Greifswald,Mecklenburg-Vorpommern
01758,1947-01-01,1977-12-31,2,54.1,13.45,Greifswald-Wieck,Mecklenburg-Vorpommern
01759,1948-04-01,2020-01-16,12,54.2437,13.9102,Greifswalder Oie,Mecklenburg-Vorpommern
01762,1991-01-01,2006-12-31,270,50.6249,12.1777,Greiz-Dölau,Thüringen
01766,1989-10-01,2020-01-16,48,52.1344,7.6969,Münster/Osnabrück,Nordrhein-Westfalen
01803,1967-01-01,2020-01-16,34,54.0714,12.3238,Groß Lüsewitz,Mecklenburg-Vorpommern
01831,1983-09-01,NA,1449,49.1126,13.1353,Großer Arber (Ost),Bayern
01832,1982-11-01,2020-01-16,1436,49.1129,13.1338,Großer Arber,Bayern
01833,1947-01-01,1982-10-31,1307,49.0851,13.2801,Grosser Falkenstein,Bayern
01834,1951-01-01,1978-06-30,913,50.8519,10.4665,Grosser Inselsberg,Thüringen
01844,1959-01-01,1981-12-31,517,47.9411,11.9004,Feldkirchen-Westerham-Lenzmühle,Bayern
01849,1949-01-01,1960-12-31,408,48.8126,11.5728,Großmehring-Theißing,Bayern
01863,1995-03-01,2020-01-16,258,50.2667,9.1854,Gründau-Breitenborn,Hessen
01869,1973-01-01,2020-01-16,56,53.3153,13.9338,Grünow,Brandenburg
01873,1957-05-01,1998-12-31,300,51.7956,10.238,"Grund, Bad",Niedersachsen
01874,1980-04-01,NA,320,51.8,10.2167,"Grund, Bad (Erzbergwerk)",Niedersachsen
01875,1951-01-01,2002-12-31,492,48.9354,9.7364,"Gschwend, Kr. Ostalb",Baden-Württemberg
01886,2016-09-01,2020-01-16,444,48.4878,10.2607,Günzburg,Bayern
01890,1947-01-01,1950-12-31,30,53.7667,12.2167,Güstrow-Schabernack,Mecklenburg-Vorpommern
01891,1938-01-01,2002-03-31,73,51.8771,8.3577,Rheda-Wiedenbrück-Lintel,Nordrhein-Westfalen
01892,1975-06-01,NA,72,51.9298,8.3005,Gütersloh (Flugplatz),Nordrhein-Westfalen
01902,1984-11-01,2000-12-31,413,49.1273,10.7448,Gunzenhausen (Altmühlsee),Bayern
01920,1978-06-01,2007-12-31,100,51.4129,7.4895,Hagen-Fley,Nordrhein-Westfalen
01922,1979-01-01,1986-02-28,111,51.3598,7.4717,Hagen (Stadtsparkasse),Nordrhein-Westfalen
01929,1947-01-01,2001-07-31,567,51.8597,10.3368,Hahnenklee,Niedersachsen
01957,1951-01-01,2015-03-22,93,51.5138,11.9499,Halle-Kröllwitz,Sachsen-Anhalt
01960,1880-12-01,1966-12-31,102,51.4831,11.9671,Halle (Stadt),Sachsen-Anhalt
01963,1969-01-01,NA,4,54.5742,8.5133,Hallig Hooge,Schleswig-Holstein
01964,1952-01-01,2020-01-16,328,49.9445,6.3821,Olsdorf,Rheinland-Pfalz
01972,1912-01-01,1962-09-30,35,53.4793,10.2415,Hamburg-Bergedorf,Hamburg
01973,1947-01-01,1954-12-31,14,53.5598,9.9874,Hamburg-Botanischer Garten,Hamburg
01975,1936-01-01,2020-01-16,14,53.6332,9.9881,Hamburg-Fuhlsbüttel,Hamburg
01979,1951-01-01,2006-12-31,2,53.4213,10.1462,Hamburg-Kirchwerder,Hamburg
01981,1962-05-01,2020-01-16,3,53.4777,9.8957,Hamburg-Neuwiedenthal,Hamburg
01986,1978-06-01,1988-04-30,1,53.4699,10.1804,Hamburg-Reitbrook,Hamburg
01987,1956-01-01,2000-02-29,47,53.5467,9.9662,Hamburg-Sankt Pauli,Hamburg
01990,1951-01-01,2006-12-31,18,53.5853,10.1293,Hamburg-Wandsbek,Hamburg
01993,1940-01-01,2007-10-31,68,52.0848,9.3896,Hameln,Niedersachsen
02000,1995-06-01,1996-09-30,106,50.1205,8.9243,Hanau,Hessen
02005,1961-01-01,1994-12-31,108,52.7199,10.5987,Hankensbüttel,Niedersachsen
02014,1936-01-01,2020-01-16,59,52.4644,9.6779,Hannover,Niedersachsen
02023,1998-01-05,2020-01-16,501,48.7918,10.7062,Harburg,Bayern
02039,2006-10-31,2020-01-16,201,51.9002,10.5699,"Harzburg, Bad",Niedersachsen
02044,1945-05-01,2020-01-16,404,51.652,11.1367,Harzgerode,Sachsen-Anhalt
02048,1951-01-01,1959-12-31,3,53.6342,9.6038,Haseldorf,Schleswig-Holstein
02053,1963-01-01,1975-12-31,461,51.6868,10.8631,Hasselfelde,Sachsen-Anhalt
02055,1987-11-13,NA,292,50.0493,10.4947,Haßfurt,Bayern
02069,1936-01-01,1975-05-31,648,48.8629,13.067,Hausstein,Bayern
02074,1947-01-01,2020-01-16,518,48.3752,8.98,Hechingen,Baden-Württemberg
02078,1937-01-01,2002-06-30,10,54.2181,9.0853,Weddingstedt,Schleswig-Holstein
02080,1935-01-01,2012-09-11,110,49.4206,8.6676,Heidelberg,Baden-Württemberg
02081,1936-01-01,1960-12-31,561,49.3981,8.7251,Königstuhl,Baden-Württemberg
02083,1949-01-01,1958-12-31,110,49.4192,8.6051,Heidelberg-Grenzhof,Baden-Württemberg
02088,1947-01-01,2005-04-30,498,48.6765,10.1307,Heidenheim/Brenz,Baden-Württemberg
02092,1952-02-01,1990-12-31,496,50.1691,7.9949,Heidenrod-Mappershain,Hessen
02093,1969-01-01,1982-09-30,30,53.8562,9.8227,Heidmoor,Schleswig-Holstein
02095,1947-01-01,2003-10-31,167,49.1448,9.2333,Heilbronn,Baden-Württemberg
02100,2018-12-01,NA,4,54.186,7.9119,Helgoland-Düne,Schleswig-Holstein
02110,2018-07-16,2020-01-16,57,51.0411,6.1042,Heinsberg-Schleiden,Nordrhein-Westfalen
02115,1952-05-01,2020-01-16,4,54.175,7.892,Helgoland,Schleswig-Holstein
02120,1947-03-01,2006-12-31,140,52.2164,11.0219,Helmstedt,Niedersachsen
02122,1970-01-01,2002-05-31,2,53.9701,9.0095,"Helse, Kr. Dithmarschen",Schleswig-Holstein
02147,1936-01-01,2007-12-31,77,52.1264,8.6865,Herford,Nordrhein-Westfalen
02151,1947-01-01,1991-08-31,215,51.0048,10.1705,Herleshausen,Hessen
02158,1951-01-01,2009-01-01,350,48.8042,8.443,"Herrenalb, Bad",Baden-Württemberg
02159,1978-04-01,1985-03-31,434,48.5915,8.8541,Herrenberg,Baden-Württemberg
02160,1991-01-01,2000-12-31,360,50.8444,10.6904,Herrenhof,Thüringen
02166,1951-01-01,1991-05-02,344,51.0167,14.75,Herrnhut,Sachsen
02167,1948-01-01,2012-03-31,302,49.7672,7.3356,Niederwörresbach,Rheinland-Pfalz
02171,2018-07-16,2020-01-16,272,50.8519,9.7378,"Hersfeld, Bad",Hessen
02173,1976-01-01,2007-12-31,60,51.589,7.1548,Herten,Nordrhein-Westfalen
02174,2018-07-16,2020-01-16,238,51.6255,10.3695,Herzberg,Niedersachsen
02201,2018-07-16,2020-01-16,1,54.575,13.1044,Hiddensee-Vitte,Mecklenburg-Vorpommern
02206,1953-03-01,2008-02-29,117,52.1408,9.8838,Hildesheim,Niedersachsen
02207,1974-03-01,1978-12-31,91,52.1833,9.95,Hildesheim (Flugplatz),Niedersachsen
02211,2018-07-16,2020-01-16,295,50.7371,7.6528,Hilgenroth,Rheinland-Pfalz
02221,1980-01-01,1999-10-31,1053,47.5408,10.4371,Hindelang-Unterjoch,Bayern
02223,1991-01-01,2001-12-31,300,50.3674,10.5687,Hindfeld,Thüringen
02225,1922-01-01,1984-09-30,385,50.9167,14.3667,Hinterhermsdorf,Sachsen
02226,1991-01-01,2002-09-30,668,50.4707,10.9106,Eisfeld-Waffenrod-Hinterrod,Thüringen
02228,1946-01-01,2005-03-31,883,47.8983,8.1055,Hinterzarten,Baden-Württemberg
02244,1946-01-01,2005-09-01,1008,47.7327,8.1627,Höchenschwand,Baden-Württemberg
02250,1941-01-01,2006-07-31,403,49.1279,12.8645,Höllenstein (Kraftwerk),Bayern
02252,2018-07-16,2020-01-16,270,50.899,14.7457,Bertsdorf-Hörnitz,Sachsen
02253,1983-10-01,1996-07-31,10,54.7667,8.2833,Hörnum/Sylt,Schleswig-Holstein
02260,1949-01-01,2006-12-31,474,50.323,11.9077,Hof (Stadt),Bayern
02261,1947-01-01,2020-01-16,565,50.3122,11.8761,Hof,Bayern
02264,1948-01-01,2002-11-30,242,51.5337,9.4786,Hofgeismar-Beberbeck,Hessen
02268,1949-01-01,2006-12-31,263,50.1352,10.5156,Hofheim,Bayern
02289,1953-07-01,1966-12-31,28,52.6667,12.3333,Hohennauen,Brandenburg
02290,1879-01-01,2020-01-16,977,47.8009,11.0108,Hohenpeißenberg,Bayern
02297,1972-06-01,1995-11-30,80,54.1195,9.7127,Hohenwestedt,Schleswig-Holstein
02302,1991-01-01,1992-12-31,317,50.9632,11.4847,Hohlstedt-Kötschau,Thüringen
02303,1969-01-01,NA,10,54.3146,9.539,Hohn,Schleswig-Holstein
02306,2018-07-16,2020-01-16,8,54.3194,10.6732,Hohwacht,Schleswig-Holstein
02315,2000-06-01,NA,81,51.7657,13.1666,Holzdorf (Flugplatz),Sachsen-Anhalt
02318,1998-08-01,2000-01-31,397,50.2182,7.9133,Holzhausen a.d. Haide,Rheinland-Pfalz
02319,2018-07-16,2020-01-16,685,47.8823,11.6962,Holzkirchen,Bayern
02323,2018-07-16,2020-01-16,110,51.8529,9.4953,"Bevern, Kr. Holzminden",Niedersachsen
02324,1975-06-01,2008-09-30,440,51.7659,9.5447,Holzminden-Silberborn,Niedersachsen
02327,1951-01-01,2000-06-30,250,50.7316,9.0032,Homberg/Ohm,Hessen
02331,1970-01-01,2002-12-31,235,49.3278,7.3533,Homburg/Saar,Saarland
02338,1974-06-01,2005-12-23,39,52.3333,7.55,Hopsten (Flugplatz),Nordrhein-Westfalen
02344,1943-01-01,1964-03-31,582,50.1511,11.698,Horlachen,Bayern
02349,1953-01-01,NA,1138,48.6136,8.2033,Hornisgrinde,Baden-Württemberg
02352,1957-01-01,1971-08-31,712,47.6227,8.0177,Hottingen,Baden-Württemberg
02354,1947-02-01,1959-12-31,118,51.4379,14.2426,Hoyerswerda (Ph),Sachsen
02360,1936-01-01,1978-04-30,438,48.6018,11.6769,Hüll,Bayern
02362,2018-07-16,2020-01-16,328,50.5651,7.4843,Hümmerich,Rheinland-Pfalz
02374,1891-01-01,1974-06-30,3,54.4752,9.0564,Husum,Schleswig-Holstein
02377,1981-01-01,NA,362,47.7001,7.5895,Kandern-Gupf,Baden-Württemberg
02385,1974-04-01,NA,376,49.6927,7.3264,Idar-Oberstein,Rheinland-Pfalz
02388,1990-06-01,2003-12-31,193,48.0419,7.6322,Ihringen,Baden-Württemberg
02396,1947-01-01,1950-12-31,260,51.8667,10.6833,Ilsenburg,Sachsen-Anhalt
02406,1980-07-01,2002-11-30,209,49.2967,9.652,Ingelfingen,Baden-Württemberg
02409,1941-01-01,1953-12-31,360,48.7662,11.4539,Ingolstadt (Flussmeisterstelle),Bayern
02410,1974-01-01,NA,364,48.7112,11.5362,Ingolstadt (Flugplatz),Bayern
02417,1959-01-01,1977-12-31,621,48.1644,12.0307,Mittbach,Bayern
02422,1938-01-01,1978-06-30,230,51.3768,7.7644,Iserlohn-Westig,Nordrhein-Westfalen
02423,1947-01-01,2005-07-01,712,47.6894,10.0416,Isny,Baden-Württemberg
02429,2018-07-16,2020-01-16,21,53.9897,9.5696,Itzehoe,Schleswig-Holstein
02436,1995-01-01,2006-12-31,55,52.0547,13.2344,Jänickendorf,Brandenburg
02437,1971-01-01,NA,21,54.457,9.5203,Schleswig-Jagel,Schleswig-Holstein
02444,2018-07-16,2020-01-16,155,50.9251,11.583,Jena (Sternwarte),Thüringen
02451,1991-01-01,2001-08-31,77,51.7954,12.9583,Jessen/Elster,Sachsen-Anhalt
02456,1940-01-01,2005-08-26,7,53.5322,7.8806,Jever,Niedersachsen
02464,1951-01-01,1990-10-31,1,53.5316,9.6752,Jork,Niedersachsen
02465,1981-05-01,1990-12-31,1,53.5083,9.7376,Jork-Moorende,Niedersachsen
02474,1976-01-01,2008-12-31,91,50.9104,6.4093,Jülich (Forsch.-Anlage),Nordrhein-Westfalen
02475,1967-01-01,1980-12-31,75,52,13.1009,Jüterbog,Brandenburg
02477,1970-04-01,2008-12-31,728,47.5938,7.9597,Jungholz (Kühmoos),Baden-Württemberg
02480,2018-07-16,2020-01-16,107,50.0643,8.993,Kahl/Main,Bayern
02482,1978-12-01,1980-04-30,741,51.1801,8.4887,Kahler Asten (A),Nordrhein-Westfalen
02483,1926-11-01,2020-01-16,839,51.1803,8.4891,Kahler Asten,Nordrhein-Westfalen
02485,2018-07-16,2020-01-16,489,48.917,9.6871,Kaisersbach-Cronhütte,Baden-Württemberg
02486,2018-07-16,2020-01-16,271,49.4262,7.7557,Kaiserslautern,Rheinland-Pfalz
02488,1946-01-01,2002-09-30,516,48.7701,10.7876,Kaisheim-Neuhof,Bayern
02493,1980-01-01,1994-05-31,2,54.4333,10.3667,Kalifornien,Schleswig-Holstein
02494,1993-01-01,2013-09-30,31,51.7329,6.2688,Kalkar,Nordrhein-Westfalen
02497,2018-07-16,2020-01-16,505,50.5014,6.5264,Kall-Sistig,Nordrhein-Westfalen
02502,1951-02-01,1956-12-31,447,51.318,10.1348,"Heiligenstadt, Heilbad-Kalteneber",Thüringen
02503,1951-01-01,2003-05-05,487,50.6266,10.1455,Kaltennordheim,Thüringen
02506,1947-01-01,1963-08-31,270,51.2667,14.0833,Kamenz,Sachsen
02521,1950-01-01,1994-03-31,374,48.6765,11.2961,Karlshuld,Bayern
02522,1876-01-01,2008-10-31,112,49.0382,8.3641,Karlsruhe,Baden-Württemberg
02532,1951-01-01,2013-10-31,231,51.2963,9.4424,Kassel,Hessen
02533,1946-01-01,1977-06-30,198,51.334,9.4506,Kassel-Harleshausen,Hessen
02536,1983-09-01,1992-12-31,283,51.3173,9.4145,Kassel-Wilhelmshöhe (A),Hessen
02542,1970-05-01,2016-03-31,716,47.8652,10.6007,Kaufbeuren,Bayern
02543,1968-01-01,2008-12-31,585,48.0916,10.860900000000001,Kaufering,Bayern
02546,1988-10-01,2003-12-31,141,48.5576,7.88,Kehl-Odelshofen,Baden-Württemberg
02559,1952-01-01,2020-01-16,705,47.7233,10.3348,Kempten,Bayern
02564,1986-06-01,2020-01-16,28,54.3776,10.1424,Kiel-Holtenau,Schleswig-Holstein
02565,1940-01-01,1988-10-15,17,54.3378,10.0929,Kiel-Kronshagen,Schleswig-Holstein
02573,1987-06-10,NA,470,47.9588,12.7717,Waging am See-Schnöbling,Bayern
02575,2018-07-16,2020-01-16,426,49.1804,9.98,Kirchberg/Jagst-Herboldshausen,Baden-Württemberg
02578,2018-07-16,2020-01-16,12,53.9995,11.4341,Kirchdorf/Poel,Mecklenburg-Vorpommern
02597,2018-07-16,2020-01-16,282,50.2241,10.0792,"Kissingen, Bad",Bayern
02600,2018-07-16,2020-01-16,193,49.7363,10.1781,Kitzingen,Bayern
02601,2018-07-16,2020-01-16,826,50.2218,8.4469,Kleiner Feldberg/Taunus,Hessen
02609,1974-09-01,1981-03-31,40,53.9587,10.3293,Klein Rönnau,Schleswig-Holstein
02618,2018-07-16,2020-01-16,732,50.8458,10.4803,Kleiner Inselsberg,Thüringen
02621,1956-01-01,1969-12-31,42,52.4045,13.2134,Kleinmachnow,Brandenburg
02627,2018-07-16,2020-01-16,128,51.5554,13.8845,Klettwitz,Brandenburg
02629,2018-07-16,2020-01-16,46,51.7612,6.0954,Kleve,Nordrhein-Westfalen
02638,2018-07-16,2020-01-16,974,48.1054,8.7548,Klippeneck,Baden-Württemberg
02641,2018-07-16,2020-01-16,85,51.5185,12.9065,Klitzschen bei Torgau,Sachsen
02654,1949-01-01,1983-10-31,200,49.0265,8.7554,Knittlingen,Baden-Württemberg
02656,1970-07-01,1989-12-31,96,50.3519,7.5906,Koblenz,Rheinland-Pfalz
02657,1951-01-01,2008-01-31,85,50.3369,7.5992,Koblenz-Horchheim,Rheinland-Pfalz
02665,1936-01-01,1984-12-31,45,50.9615,6.9712,Köln-Botanischer Garten,Nordrhein-Westfalen
02667,1957-09-01,2020-01-16,92,50.8646,7.1575,Köln-Bonn,Nordrhein-Westfalen
02677,1951-01-01,2001-08-31,730,48.1413,8.4285,Königsfeld/Schwarzwald,Baden-Württemberg
02680,2018-07-16,2020-01-16,289,50.284,10.4456,"Königshofen, Bad",Bayern
02689,1950-01-01,1960-12-31,40,53.2279,9.6527,Königsmoor,Niedersachsen
02691,1994-04-01,2008-12-31,378,48.6707,11.2173,Königsmoos-Untermaxfeld,Bayern
02693,1942-01-01,2003-12-31,380,50.1855,8.4698,Königstein/Taunus,Hessen
02700,2018-07-16,2020-01-16,416,48.8302,11.4872,Kösching,Bayern
02701,1945-07-01,2007-03-31,136,51.1329,11.7252,"Kösen, Bad",Sachsen-Anhalt
02703,1998-01-01,2000-10-10,496,51.855,9.3239,Köterberg,Nordrhein-Westfalen
02704,2018-07-16,2020-01-16,76,51.7511,12.0094,Köthen (Anhalt),Sachsen-Anhalt
02708,2018-07-16,2020-01-16,742,47.6652,11.0805,"Kohlgrub, Bad (Rosshof)",Bayern
02712,1972-11-01,2020-01-16,443,47.6774,9.1901,Konstanz,Baden-Württemberg
02713,1947-01-01,1974-12-31,398,47.6605,9.1634,Konstanz (Stadtgärtnerei),Baden-Württemberg
02717,1989-06-01,2005-12-31,395,51.2662,8.8309,Korbach-Lengefeld,Hessen
02738,1971-02-01,1998-02-01,776,47.6447,11.7436,Kreuth,Bayern
02750,2018-07-16,2020-01-16,312,50.2523,11.3209,Kronach,Bayern
02757,1961-01-01,1983-12-31,238,47.9077,7.702,"Krozingen, Bad",Baden-Württemberg
02758,1980-07-01,1990-06-30,202,47.9585,7.6578,"Krozingen, Bad-Hausen",Baden-Württemberg
02761,1951-01-01,1990-10-31,520,48.251,10.4163,Krumbach-Edenhausen,Bayern
02770,1973-07-01,1974-08-31,35,53.9015,10.235900000000001,Kükels,Schleswig-Holstein
02773,1974-01-01,NA,417,49.4283,11.9016,Kümmersbruck,Bayern
02775,1946-01-01,1980-06-30,225,49.2795,9.6925,Künzelsau,Baden-Württemberg
02780,1960-01-01,1982-05-31,330,50.1003,11.4494,Kulmbach,Bayern
02783,1966-09-01,1992-08-31,436,48.5126,12.1513,Kumhausen,Bayern
02790,1970-01-01,1981-08-31,296,49.5592,7.4134,Kusel-Fünfbirken,Rheinland-Pfalz
02794,2018-07-16,2020-01-16,40,52.9363,12.4093,Kyritz,Brandenburg
02796,2000-06-01,NA,40,53.9156,12.279,Laage (Flugplatz),Mecklenburg-Vorpommern
02798,1975-01-01,1998-05-31,32,51.6,6.15,Laarbruch,Nordrhein-Westfalen
02812,1950-02-01,2020-01-16,156,48.3647,7.828,Lahr,Baden-Württemberg
02814,2018-07-16,2020-01-16,685,48.5121,9.7645,Merklingen,Baden-Württemberg
02821,1948-01-01,1957-12-31,214,51.9603,10.0157,Lamspringe,Niedersachsen
02829,1969-01-01,NA,621,48.0772,10.9144,Landsberg (Flugplatz),Bayern
02830,1950-01-01,1967-12-31,602,48.0349,10.8709,Landsberg/Lech,Bayern
02831,1947-01-11,2008-03-31,393,48.5357,12.1132,Landshut,Bayern
02843,1990-07-19,2015-12-31,125,50.0075,8.6547,Langen (BZ),Hessen
02856,2018-07-16,2020-01-16,91,51.9173,13.0878,Langenlipsdorf,Brandenburg
02857,1947-04-01,1958-11-30,175,51.1173,10.6568,"Langensalza, Bad",Thüringen
02861,1951-01-01,1986-06-30,5,53.7445,7.4775,Langeoog,Niedersachsen
02872,1947-01-01,1950-12-31,15,52.8457,7.3489,Lathen,Niedersachsen
02878,2018-07-16,2020-01-16,118,51.391,11.8788,"Lauchstädt, Bad",Sachsen-Anhalt
02879,1949-01-01,1985-12-31,199,49.5781,9.7142,Lauda-Königshofen-Gerlachsheim,Baden-Württemberg
02886,1970-01-01,NA,539,48.2176,9.9097,Laupheim,Baden-Württemberg
02889,1971-01-01,1991-09-30,300,51.6323,10.4737,"Lauterberg, Bad (A)",Niedersachsen
02897,1990-08-30,NA,522,50.5808,9.2857,Lautertal-Hörgenau,Hessen
02905,1969-01-01,NA,550,48.1849,10.8507,Lechfeld,Bayern
02906,1951-01-01,1975-02-28,5,54.775,8.9808,Leck (A),Schleswig-Holstein
02907,2018-07-16,2020-01-16,7,54.7903,8.9514,Leck,Schleswig-Holstein
02912,1956-01-01,1974-11-30,9,54.7419,9.8791,Lehbek,Schleswig-Holstein
02915,1947-01-01,1961-12-31,640,50.4833,11.45,Lehesten/Thüringer Wald,Thüringen
02920,1978-09-01,1997-06-30,365,48.7654,12.5121,Leiblfing,Bayern
02923,1955-01-01,1970-05-31,663,47.9116,10.6124,Leinau,Bayern
02925,2018-07-16,2020-01-16,356,51.3933,10.3123,Leinefelde,Thüringen
02926,1971-01-01,1989-12-31,477,48.4333,10.2333,Leipheim (Flugplatz),Bayern
02928,2018-07-16,2020-01-16,138,51.3151,12.4462,Leipzig-Holzhausen,Sachsen
02931,1957-08-01,1972-04-30,128,51.392,12.3962,Leipzig-Mockau,Sachsen
02932,1934-01-01,2020-01-16,131,51.4348,12.2396,Leipzig/Halle,Sachsen
02947,2018-07-16,2020-01-16,286,51.1333,8.0348,Lennestadt-Theten,Nordrhein-Westfalen
02949,1947-08-01,2002-01-31,758,48.5396,9.5275,Lenningen-Schopfloch,Baden-Württemberg
02950,1962-04-01,2006-12-31,14,54.219,10.8844,Lensahn,Schleswig-Holstein
02951,2018-07-16,2020-01-16,20,53.1007,11.4864,Lenzen/Elbe,Brandenburg
02953,2018-07-16,2020-01-16,852,47.8597,8.2308,Lenzkirch-Ruhbühl,Baden-Württemberg
02954,1987-04-01,2004-12-28,990,47.8919,8.1788,Lenzkirch-Saig,Baden-Württemberg
02961,1998-01-01,2020-01-16,31,54.4996,10.2737,Leuchtturm Kiel,Schleswig-Holstein
02963,1946-01-01,1978-12-31,92,51.3167,12.0333,Leunawerke,Sachsen-Anhalt
02968,2018-07-16,2020-01-16,43,50.9894,6.9777,Köln-Stammheim,Nordrhein-Westfalen
02985,2018-07-16,2020-01-16,321,50.9383,14.2093,Lichtenhain-Mittelndorf,Sachsen
02996,1947-01-01,1960-12-31,352,48.7726,8.7287,"Liebenzell, Bad (LUBW)",Baden-Württemberg
03001,1965-01-01,1990-05-31,284,48.0674,7.677,Liliental,Baden-Württemberg
03004,1949-01-01,1999-06-30,185,50.4116,8.0605,Limburg/Lahn-Offheim,Hessen
03007,1947-01-01,1955-12-31,96,49.4111,8.398,Limburgerhof,Rheinland-Pfalz
03015,1906-04-01,2020-01-16,98,52.2085,14.118,Lindenberg,Brandenburg
03016,1970-06-01,1988-04-30,760,47.598,9.8878,Lindenberg/Allgäu,Bayern
03017,1984-07-01,2010-04-30,341,49.68,8.7823,Lindenfels,Hessen
03018,1973-04-01,2005-12-31,445,49.7117,8.7804,Lindenfels-Winterkasten,Hessen
03023,2018-07-16,2020-01-16,22,52.5181,7.3081,Lingen,Niedersachsen
03028,1971-04-01,2020-01-16,157,51.7855,8.8388,"Lippspringe, Bad",Nordrhein-Westfalen
03031,2018-07-16,2020-01-16,92,51.6336,8.3945,Lippstadt-Bökenförde,Nordrhein-Westfalen
03032,1937-01-01,2020-01-16,25,55.011,8.4125,List auf Sylt,Schleswig-Holstein
03034,2018-07-16,2020-01-16,500,50.4505,11.635,"Lobenstein, Bad",Thüringen
03042,2018-07-16,2020-01-16,230,50.5617,8.2386,Löhnberg-Obershausen,Hessen
03044,2018-05-31,2018-05-31,22,52.7198,7.7472,Löningen,Niedersachsen
03045,1993-05-01,2007-06-30,27,52.7432,7.8763,Löningen-Hagel,Niedersachsen
03046,1980-02-01,1991-03-31,20,52.7333,7.7333,Löningen-Schnetlage,Niedersachsen
03056,1947-01-01,2005-10-31,161,50.0103,9.61,Lohr/Main-Steinbach,Bayern
03062,1951-01-01,1989-05-31,100,50.0352,7.8197,Lorch/Rhein,Hessen
03076,1947-01-01,1956-12-31,95,49.4606,8.4246,Ludwigshafen-Mundenheim,Rheinland-Pfalz
03082,1967-01-01,1974-12-31,56,51.9333,13.8833,Lübben,Brandenburg
03083,2018-07-16,2020-01-16,57,51.9267,13.8797,Lübben-Blumenfelde,Brandenburg
03085,1950-01-01,1985-02-28,15,53.8773,10.6915,Lübeck,Schleswig-Holstein
03086,2018-07-16,2020-01-16,15,53.8025,10.6989,Lübeck-Blankensee,Schleswig-Holstein
03088,1890-01-01,1973-06-30,5,53.8953,10.704,Lübeck-Werft,Schleswig-Holstein
03093,2018-07-16,2019-12-15,16,52.9724,11.1374,Lüchow,Niedersachsen
03096,1940-01-01,1995-12-31,444,51.2131,7.6359,Lüdenscheid (Zeppelin-Gymnasium),Nordrhein-Westfalen
03098,2018-07-16,2020-01-16,387,51.2452,7.6425,Lüdenscheid,Nordrhein-Westfalen
03101,1950-01-01,1995-09-30,58,51.7694,7.4128,Lüdinghausen,Nordrhein-Westfalen
03103,1947-01-01,1997-12-31,11,53.2657,10.424,Lüneburg,Niedersachsen
03113,1991-01-01,1991-07-31,528,50.7663,10.7201,Luisenthal (Talsperre),Thüringen
03126,1881-01-01,2020-01-16,76,52.1029,11.5827,Magdeburg,Sachsen-Anhalt
03135,1955-05-01,1983-03-31,473,49.0643,9.582,Mainhardt-Ziegelbronn,Baden-Württemberg
03137,2018-07-16,2020-01-16,195,49.9656,8.2139,Mainz-Lerchenberg (ZDF),Rheinland-Pfalz
03138,1979-01-01,1989-02-16,200,49.9798,8.1668,Mainz-Finthen,Rheinland-Pfalz
03139,1983-11-01,2004-12-31,509,48.2166,11.2965,Maisach-Gernlinden,Bayern
03145,1998-12-01,2008-09-01,30,54.18,10.5528,"Malente, Bad-Gremsmühlen",Schleswig-Holstein
03147,2018-07-16,2020-01-16,418,48.7725,12.2179,Mallersdorf-Pfaffenberg/Niederbayern,Bayern
03155,2018-07-16,2020-01-16,413,50.1015,6.8009,Manderscheid-Sonnenhof,Rheinland-Pfalz
03158,2018-07-16,2020-01-16,12,52.5468,14.5452,Manschnow,Brandenburg
03160,1952-01-01,1980-12-31,240,51.6084,11.4139,Vatterode-Gräfenstuhl,Sachsen-Anhalt
03164,2018-07-16,2020-01-16,187,50.8492,8.7746,"Cölbe, Kr. Marburg-Biedenkopf",Hessen
03166,2018-07-16,2020-01-16,639,50.651,13.1469,Marienberg,Sachsen
03167,2018-07-16,2020-01-16,547,50.662,7.9602,"Marienberg, Bad",Rheinland-Pfalz
03170,2000-07-03,2010-04-30,5,54.4937,11.2405,Marienleuchte,Schleswig-Holstein
03196,1902-01-01,2020-01-16,81,53.3223,11.9319,Marnitz,Mecklenburg-Vorpommern
03204,2018-07-16,2020-01-16,427,50.7334,10.8815,Martinroda,Thüringen
03211,1942-01-01,1956-12-31,1011,48.9359,13.5747,Mauth-Finsterau,Bayern
03212,1961-01-01,2002-12-31,230,50.3249,7.23,Mayen,Rheinland-Pfalz
03222,1961-01-01,1978-12-31,60,52.3411,9.1403,Meerbeck,Niedersachsen
03223,1947-01-01,1977-09-30,460,47.6985,9.2753,Meersburg,Baden-Württemberg
03226,2018-07-16,2020-01-16,107,51.7259,11.5109,Aschersleben-Mehringen,Sachsen-Anhalt
03227,1933-01-01,1980-11-30,216,51.8936,8.9842,"Meinberg, Bad",Nordrhein-Westfalen
03228,1979-08-01,1997-03-31,506,51.0976,7.667,Meinerzhagen (A),Nordrhein-Westfalen
03231,1979-01-01,2020-01-16,450,50.5612,10.3771,Meiningen,Thüringen
03234,2018-07-16,2020-01-11,158,51.1294,13.4328,Garsebach bei Meißen,Sachsen
03236,1986-07-01,2001-12-31,89,52.2044,8.3382,Melle,Niedersachsen
03244,2018-07-16,2020-01-16,615,47.982,10.1384,Memmingen,Bayern
03245,1969-01-01,2002-11-29,630,47.9833,10.2333,Memmingen (Flugplatz),Bayern
03246,1984-11-01,2007-06-14,181,50.3667,7.3167,Mendig,Rheinland-Pfalz
03253,1961-01-01,2019-12-31,885,47.8309,8.0699,Sankt Blasien-Menzenschwand,Baden-Württemberg
03254,1973-01-01,NA,19,52.7156,7.3176,Meppen,Niedersachsen
03256,1985-01-01,1989-10-31,193,48.0167,7.6667,Merdingen,Baden-Württemberg
03257,2018-07-16,2020-01-16,250,49.4773,9.7622,"Mergentheim, Bad-Neunkirchen",Baden-Württemberg
03265,1953-01-01,1962-12-31,302,49.922,9.2872,Mespelbrunn,Bayern
03268,2018-07-16,2020-01-16,900,48.1694,8.9433,Meßstetten-Appental,Baden-Württemberg
03271,2018-07-16,2020-01-16,313,48.8548,12.9189,Metten,Bayern
03274,1992-10-01,2011-12-31,415,49.507,6.5215,Mettlach-Orscholz (Kurort),Saarland
03278,2018-07-16,2020-01-16,354,48.5377,9.2734,Metzingen,Baden-Württemberg
03284,2018-07-16,2020-01-16,240,49.6691,9.0085,Michelstadt,Hessen
03287,2018-07-16,2020-01-16,453,49.7176,9.0997,Michelstadt-Vielbrunn,Hessen
03289,2018-07-16,2020-01-16,355,50.7281,11.7838,Schmieritz-Weltwitz,Thüringen
03291,1980-11-01,2003-12-31,128,49.712,9.2258,Miltenberg,Bayern
03300,1974-05-01,1993-05-31,155,50.2285,9.1064,Mittel-Gründau,Hessen
03307,2018-07-16,2020-01-16,984,47.4779,11.2653,Mittenwald-Buckelwiesen,Bayern
03313,1936-01-01,1972-03-31,508,49.7328,8.7771,Modautal-Neunkirchen,Hessen
03317,1975-07-01,1984-09-30,42,53.6128,10.6943,Mölln,Schleswig-Holstein
03319,2018-07-16,2020-01-16,239,49.7644,9.253,Röllbach,Bayern
03320,1935-01-01,1953-05-31,49,51.197,6.4499,Mönchengladbach,Nordrhein-Westfalen
03321,2008-04-25,NA,77,51.1313,6.3609,Mönchengladbach-Hilderath,Nordrhein-Westfalen
03340,2018-07-16,2020-01-16,265,50.4383,7.8061,Montabaur,Rheinland-Pfalz
03348,2018-07-16,2019-06-25,240,51.7209,9.8352,Moringen-Lutterbeck,Niedersachsen
03362,2018-07-16,2020-01-16,244,48.9721,8.8734,Mühlacker,Baden-Württemberg
03366,2018-07-16,2020-01-16,406,48.2791,12.5024,Mühldorf,Bayern
03369,1980-01-01,2006-03-15,42,53.6,10.4833,Mühlenrade,Schleswig-Holstein
03370,1995-04-01,2004-11-30,300,51.2076,10.3956,Mühlhausen,Thüringen
03376,2018-07-16,2020-01-16,63,52.5176,14.1232,Müncheberg,Brandenburg
03379,2018-07-16,2020-01-16,515,48.1631,11.5429,München-Stadt,Bayern
03382,1945-11-01,1953-12-31,521,48.1441,11.6,München-Bogenhausen,Bayern
03383,1879-01-01,1954-12-31,515,48.1635,11.5019,München-Botanischer Garten,Bayern
03385,1955-01-01,1999-03-31,515,48.166,11.5011,München-Nymphenburg,Bayern
03388,1994-02-01,1997-01-31,542,48.0919,11.6486,München-Perlach,Bayern
03390,1940-01-01,1992-05-17,529,48.1369,11.7094,München-Riem,Bayern
03402,2018-07-16,2020-01-16,750,48.3851,9.4837,Münsingen-Apfelstetten,Baden-Württemberg
03404,1891-01-01,1991-12-31,62,51.9494,7.5906,Münster,Nordrhein-Westfalen
03425,1951-01-01,2004-05-31,344,48.9729,9.5708,Murrhardt,Baden-Württemberg
03426,2018-07-16,2020-01-16,127,51.566,14.7008,"Muskau, Bad",Sachsen
03432,1949-01-01,1995-03-31,380,48.5667,8.7184,Nagold,Baden-Württemberg
03442,2018-07-16,2020-01-16,149,50.3574,8.7506,"Nauheim, Bad",Hessen
03478,1976-07-01,2005-08-16,81,53.5468,13.1914,Neubrandenburg,Mecklenburg-Vorpommern
03484,1973-01-01,NA,380,48.7086,11.2147,Neuburg/Donau (Flugplatz),Bayern
03485,2018-07-16,2020-01-16,486,48.3115,10.3773,Neuburg/Kammel-Langenhaslach,Bayern
03486,1949-01-01,2004-12-31,212,49.2931,9.2722,Neudenau,Baden-Württemberg
03490,2018-07-16,2020-01-16,111,50.5346,7.0853,"Neuenahr, Bad-Ahrweiler",Rheinland-Pfalz
03493,1980-07-01,1990-07-31,223,47.8333,7.5833,Neuenburg-Zinken,Baden-Württemberg
03509,2018-07-16,2020-01-16,77,53.102,13.0421,Menz,Brandenburg
03512,1955-01-01,1977-12-31,820,50.5,11.15,Neuhaus,Thüringen
03513,2018-07-16,2020-01-16,845,50.5002,11.1344,Neuhaus am Rennweg,Thüringen
03518,1971-01-01,1993-12-31,793,47.976,8.9101,Neuhausen ob Eck,Baden-Württemberg
03519,1993-12-01,2003-12-31,663,47.9519,8.9932,Neuhausen ob Eck-Unterschwandorf,Baden-Württemberg
03527,2018-07-16,2020-01-16,500,50.8923,9.405,Neukirchen-Hauptschwenda,Hessen
03532,1951-01-01,1976-11-30,4,54.3609,10.6015,Neuland,Schleswig-Holstein
03534,1981-03-01,NA,583,49.2712,11.4882,Neumarkt-Höhenberg,Bayern
03537,1936-01-01,2007-08-31,26,54.0873,9.9791,Neumünster,Schleswig-Holstein
03540,2018-07-16,2020-01-16,195,50.8446,7.372,Neunkirchen-Seelscheid-Krawinkel,Nordrhein-Westfalen
03541,1962-08-01,1992-02-29,185,50.8956,7.3081,Neunkirchen-Seelscheid-Meisenbach,Nordrhein-Westfalen
03542,1975-11-01,1995-05-31,271,49.35,7.1667,Neunkirchen/Saar,Saarland
03545,2018-07-16,2020-01-16,236,49.344,7.2297,Neunkirchen-Wellesweiler,Saarland
03552,1961-01-01,2019-04-07,38,52.9037,12.8072,Neuruppin,Brandenburg
03565,1947-01-01,2002-01-31,315,49.5728,10.6001,Neustadt/Aisch,Bayern
03571,2018-07-16,2020-01-16,452,49.8174,11.8638,Neustadt am Kulm-Filchendorf,Bayern
03575,1951-01-01,1982-12-31,163,49.357,8.1405,Neustadt/Weinstraße,Rheinland-Pfalz
03576,1976-01-01,2002-10-31,125,49.3478,8.1822,Neustadt/Weinstraße (Heidehof),Rheinland-Pfalz
03577,1947-01-01,1976-06-30,64,53.3585,13.0502,Neustrelitz,Mecklenburg-Vorpommern
03578,1981-10-01,2006-12-31,341,48.9832,12.1443,Regensburg-Burgweinting,Bayern
03590,1961-01-01,2005-09-30,180,50.2335,8.8923,Nidderau-Windecken,Hessen
03591,2018-07-16,2020-01-16,350,50.6743,6.424,Nideggen-Schmidt,Nordrhein-Westfalen
03595,1966-05-01,2003-06-30,250,50.4107,7.808,Niederelbert,Rheinland-Pfalz
03603,2000-07-01,NA,459,49.3895,9.9667,Niederstetten,Baden-Württemberg
03605,1951-01-01,1980-10-31,451,48.5334,10.243,Niederstotzingen,Baden-Württemberg
03612,2018-07-16,2020-01-16,25,52.6711,9.2229,Nienburg,Niedersachsen
03621,2018-07-16,2020-01-16,435,48.8253,10.5067,Reimlingen,Bayern
03623,1969-01-01,NA,111,50.8294,6.6602,Nörvenich (Flugplatz),Nordrhein-Westfalen
03631,1947-01-01,2020-01-16,12,53.7123,7.1519,Norderney,Niedersachsen
03639,1974-01-01,NA,25,53.7647,8.6583,Nordholz (Flugplatz),Niedersachsen
03640,1936-01-01,2006-12-31,24,52.4124,7.064,Nordhorn-Blanke,Niedersachsen
03651,1992-04-02,NA,109,51.7521,9.945,Northeim-Stöckheim,Niedersachsen
03657,1983-06-01,2015-08-31,341,50.9081,7.5543,Nümbrecht auf dem Lindchen,Nordrhein-Westfalen
03658,1980-07-01,2005-01-31,303,50.9095,7.5725,Nümbrecht-Distelkamp,Nordrhein-Westfalen
03659,1947-01-01,1995-03-27,627,50.3391,6.9501,Nürburg,Rheinland-Pfalz
03660,1995-03-06,2020-01-16,485,50.3601,6.8697,Nürburg-Barweiler,Rheinland-Pfalz
03661,1960-01-01,1978-03-31,307,49.45,11.0667,Nürnberg (Hochhaus),Bayern
03666,1936-01-01,1974-12-31,335,49.5008,11.107,Nürnberg-Buchenbuehl,Bayern
03667,2018-07-16,2020-01-16,368,49.4258,11.2538,Nürnberg-Netzstall,Bayern
03668,1955-04-01,2020-01-16,314,49.503,11.0549,Nürnberg,Bayern
03671,1955-01-01,1991-03-31,280,48.6321,9.3261,Nürtingen,Baden-Württemberg
03672,1948-05-01,1954-12-31,457,48.6207,8.8962,Nufringen,Baden-Württemberg
03679,2018-07-16,2020-01-16,518,47.6187,12.1665,Kiefersfelden-Gach,Bayern
03694,1950-06-01,1981-12-17,810,50.7005,10.7256,Oberhof,Thüringen
03702,1972-01-01,2006-12-31,515,47.878,7.8288,Münstertal-Obermünstertal,Baden-Württemberg
03705,1982-07-01,2004-12-31,480,48.3147,8.5735,Oberndorf/Neckar-Aistaig,Baden-Württemberg
03722,1974-01-01,2011-11-19,484,48.2443,11.5528,Oberschleißheim,Bayern
03727,1983-10-01,2001-09-30,800,47.5619,10.0313,Oberstaufen-Kalzhofen,Bayern
03730,1936-01-01,2020-01-16,806,47.3984,10.2759,Oberstdorf,Bayern
03734,2018-07-16,2020-01-16,230,49.128,9.3525,Obersulm-Willsbach,Baden-Württemberg
03735,1936-07-01,1958-12-31,455,48.2635,12.276,Obertaufkirchen,Bayern
03739,2018-07-16,2020-01-16,596,49.4521,12.4365,Oberviechtach,Bayern
03744,1971-12-01,1975-06-30,125,51.6018,9.5383,Oberweser-Gieselwerder,Hessen
03751,1988-06-01,1997-12-31,626,48.0449,9.8822,Ochsenhausen-Mittelbuch,Baden-Württemberg
03752,1959-09-01,1982-09-30,1014,50.03,11.8074,Ochsenkopf,Bayern
03753,1964-01-01,1993-03-31,56,52.2042,7.1784,Ochtrup,Nordrhein-Westfalen
03761,1947-05-01,2020-01-16,276,49.207,9.5176,Öhringen,Baden-Württemberg
03775,1978-01-01,1998-12-16,100,50.1029,8.7468,Offenbach/Main (Zentrallabor),Hessen
03776,1957-11-01,1995-10-31,110,50.0946,8.7546,Offenbach/M. (Stadt),Hessen
03777,1958-01-01,2003-12-31,153,48.4593,7.9255,Offenburg,Baden-Württemberg
03788,1960-06-01,1985-12-31,305,50.8646,14.7628,Olbersdorf,Sachsen
03790,1947-01-01,1989-09-30,5,53.1018,8.2516,Oldenburg (A),Niedersachsen
03791,1969-01-01,2012-10-01,11,53.1763,8.1824,Oldenburg,Niedersachsen
03811,2018-07-16,2020-01-16,150,51.296,13.0928,Oschatz,Sachsen
03815,1952-01-01,2010-11-30,95,52.2553,8.0534,Osnabrück,Niedersachsen
03818,1956-01-01,1966-12-31,29,52.7167,11.7333,Osterburg,Sachsen-Anhalt
03821,2018-07-16,2020-01-16,246,51.0873,11.9292,Osterfeld,Sachsen-Anhalt
03825,1961-01-01,1977-12-31,338,49.5033,7.2773,Osterhof,Saarland
03836,2018-07-16,2020-01-16,312,50.4538,10.2211,Ostheim v.d. Rhön,Bayern
03856,1949-01-01,1993-06-30,1010,47.6383,10.4313,Oy-Mittelberg,Bayern
03857,2018-07-16,2020-01-16,886,47.6362,10.3892,Oy-Mittelberg-Petersthal,Bayern
03867,1950-01-01,1956-12-31,7,53.0643,7.4814,Papenburg,Niedersachsen
03875,2018-07-16,2020-01-16,549,49.151,11.6896,Parsberg/Oberpfalz-Eglwang,Bayern
03878,1936-01-01,1957-12-31,327,48.5807,13.4152,Passau-Maierhof,Bayern
03879,1948-01-01,1997-01-03,409,48.5779,13.4694,Passau-Oberhaus,Bayern
03883,1970-03-01,1998-01-31,442,50.5999,11.9966,Pausa-Unterreichenau,Sachsen
03897,2018-07-16,2020-01-16,2,54.0893,10.8773,Pelzerhaken,Schleswig-Holstein
03903,1951-01-01,2004-09-30,175,49.5114,6.3857,Perl-Besch,Saarland
03904,2018-07-16,2020-01-16,152,49.5354,6.3789,Perl-Nennig,Saarland
03905,1990-08-29,NA,407,49.5214,6.4476,Perl-Sinz-Renglischberg,Saarland
03915,1947-01-01,1950-12-31,145,51.9893,13.3608,Petkus,Brandenburg
03921,1974-06-01,1996-04-30,396,49.85,7.6,Pferdsfeld,Rheinland-Pfalz
03922,1975-11-01,2001-06-30,435,49.1162,10.8598,Pfofeld-Langlau,Bayern
03924,1937-01-01,2005-08-31,246,48.9059,8.7412,Pforzheim-Eutingen,Baden-Württemberg
03925,2018-07-16,2020-01-16,333,48.9329,8.6973,Pforzheim-Ispringen,Baden-Württemberg
03927,2018-07-16,2020-01-16,630,47.9344,9.2869,Pfullendorf,Baden-Württemberg
03929,1948-01-01,1985-09-30,100,49.2511,8.4415,Philippsburg,Baden-Württemberg
03939,2018-07-16,2020-01-16,385,49.1912,7.5879,Pirmasens,Rheinland-Pfalz
03946,2018-07-16,2020-01-16,386,50.4819,12.13,Plauen,Sachsen
03954,1970-07-01,1996-09-30,26,54.1603,10.4345,Plön (Max-Planck-Institut),Schleswig-Holstein
03955,1950-01-01,1997-01-31,24,54.159,10.402,Plön (See),Schleswig-Holstein
03974,1949-03-01,1993-06-30,368,49.5058,11.5142,Pommelsbrunn,Bayern
03975,2018-07-16,2020-01-16,522,49.4777,11.5357,Pommelsbrunn-Mittelburg,Bayern
03987,1893-01-01,2020-01-16,81,52.3813,13.0622,Potsdam,Brandenburg
04005,1946-01-01,1957-12-31,530,47.8588,12.3624,Prien-Stock,Bayern
04018,1951-01-01,1983-08-31,550,48.1877,11.2206,Puch,Bayern
04024,2018-07-16,2020-01-16,40,54.3643,13.4771,Putbus,Mecklenburg-Vorpommern
04029,1940-01-01,1957-12-31,25,52.6691,7.9544,Quakenbrück,Niedersachsen
04032,2018-07-16,2020-01-16,142,51.7953,11.132,Quedlinburg,Sachsen-Anhalt
04036,2018-07-16,2020-01-16,204,51.3895,11.5412,Querfurt-Mühle Lodersleben,Sachsen-Anhalt
04038,1947-01-01,1977-06-30,27,53.7276,9.9071,Quickborn (Kurzer Kamp),Schleswig-Holstein
04039,2018-07-16,2020-01-16,11,53.7331,9.8776,Quickborn,Schleswig-Holstein
04053,1953-01-01,1996-12-31,407,47.7458,9.0007,Radolfzell-Markelfingen,Baden-Württemberg
04063,2018-07-16,2020-01-16,41,52.4461,8.5906,Rahden-Kleinendorf,Nordrhein-Westfalen
04066,1986-11-01,1999-01-31,553,47.9091,11.1048,Raisting,Bayern
04077,1937-01-01,1939-07-31,114,48.8471,8.1869,Rastatt,Baden-Württemberg
04079,1947-01-01,2005-06-30,200,51.1765,11.4183,Rastenberg,Thüringen
04091,1962-07-01,1998-06-30,1640,47.7327,12.6827,Rauschberg bei Ruhpolding,Bayern
04094,2018-07-16,2020-01-16,440,47.8062,9.6206,"Weingarten, Kr. Ravensburg",Baden-Württemberg
04100,1954-01-01,1973-12-31,109,51.6243,7.182,Recklinghausen,Nordrhein-Westfalen
04104,1947-01-01,2020-01-16,365,49.0425,12.1019,Regensburg,Bayern
04125,1935-01-01,2006-11-30,470,47.7238,12.874,"Reichenhall, Bad",Bayern
04127,2018-07-16,2020-01-16,350,50.9906,7.6958,Reichshof-Eckenhagen,Nordrhein-Westfalen
04149,1947-01-01,1962-12-31,764,50.5602,13.2222,Marienberg-Reitzenhain,Sachsen
04152,1971-01-01,1977-12-31,760,47.6783,8.1527,Remetschwiel,Baden-Württemberg
04154,2018-06-30,2018-06-30,345,51.18,7.2505,Remscheid-Lennep,Nordrhein-Westfalen
04156,1973-10-01,1998-02-28,8,54.2878,9.6749,Rendsburg,Schleswig-Holstein
04157,1985-06-01,2003-11-30,315,50.5052,7.4881,Rengsdorf (Kurort),Rheinland-Pfalz
04160,2018-07-16,2020-01-16,478,48.7425,8.924,Renningen-Ihinger Hof,Baden-Württemberg
04166,1988-05-01,2002-12-31,360,48.5051,9.1833,Reutlingen-Betzingen,Baden-Württemberg
04169,2018-07-16,2020-01-16,131,48.6703,7.9939,Rheinau-Memprechtshofen,Baden-Württemberg
04174,1971-01-01,NA,40,52.2887,7.3866,Rheine-Bentlage,Nordrhein-Westfalen
04175,2018-07-16,2020-01-16,282,47.559,7.7721,Rheinfelden,Baden-Württemberg
04177,1948-01-01,2020-01-16,116,48.9726,8.3301,Rheinstetten,Baden-Württemberg
04189,2018-07-16,2020-01-16,533,48.1479,9.4596,"Altheim, Kreis Biberach",Baden-Württemberg
04222,1963-01-01,2006-01-31,464,50.5263,12.4091,Rodewisch,Sachsen
04225,1979-06-01,NA,373,49.2195,12.536,Roding-Wetterfeld,Bayern
04233,1936-04-03,1953-11-30,397,50.3833,9.5167,Röhrigshof bei Schlüchtern,Hessen
04240,1948-01-01,1992-09-30,440,50.6407,6.2058,Roetgen,Nordrhein-Westfalen
04261,2018-07-16,2020-01-16,442,47.8753,12.128,Rosenheim,Bayern
04271,1947-01-01,2020-01-16,4,54.1803,12.0808,Rostock-Warnemünde,Mecklenburg-Vorpommern
04275,2018-07-16,2020-01-16,32,53.1288,9.3398,Rotenburg (Wümme),Niedersachsen
04278,1951-01-01,2019-12-31,340,49.2511,11.0934,Roth bei Nürnberg,Bayern
04279,1989-04-18,NA,593,50.3046,6.3862,Roth bei Prüm,Rheinland-Pfalz
04280,2018-07-16,2020-01-16,386,49.2162,11.1035,Roth,Bayern
04287,2018-07-16,2020-01-16,415,49.3848,10.1732,Rothenburg ob der Tauber,Bayern
04288,1951-01-01,1975-08-31,95,52.1038,8.1808,"Rothenfelde, Bad",Niedersachsen
04293,1958-01-01,2005-11-30,747,47.6819,11.7714,Rottach-Egern,Bayern
04294,1979-07-01,2002-10-31,360,48.4704,8.9687,Rottenburg-Kiebingen,Baden-Württemberg
04300,2018-07-16,2020-01-16,588,48.1814,8.6356,Rottweil,Baden-Württemberg
04301,2018-07-16,2020-01-16,102,49.8502,7.871,"Kreuznach, Bad",Rheinland-Pfalz
04318,1971-06-01,2006-12-31,692,47.731,12.661,Ruhpolding,Bayern
04320,1988-06-01,1992-09-30,36,54.0934,10.2223,Ruhwinkel,Schleswig-Holstein
04323,2018-07-16,2020-01-16,461,49.6468,7.8837,Ruppertsecken,Rheinland-Pfalz
04327,1953-03-01,1971-07-16,797,48.8765,13.049,Rusel-Irlmoos,Bayern
04330,1952-01-01,1980-03-31,449,48.8026,8.9557,Rutesheim,Baden-Württemberg
04332,1947-05-01,1959-12-31,235,50.6563,11.3894,Saalfeld,Thüringen
04335,1977-07-01,1983-06-30,206,49.25,6.95,Saarbrücken (Röchling),Saarland
04336,1951-01-01,2020-01-16,320,49.2128,7.1077,Saarbrücken-Ensheim,Saarland
04338,1975-07-01,1988-01-26,191,49.217,7.0199,Saarbrücken (Wasserwerk),Saarland
04339,1948-01-01,2001-03-31,193,49.2231,7.0168,Saarbrücken-Sankt Johann,Saarland
04343,1979-01-01,1997-09-30,180,49.3256,6.7354,Saarlouis,Saarland
04347,1948-01-01,2003-07-08,292,51.5909,10.5691,"Sachsa, Bad",Niedersachsen
04349,2018-07-16,2020-01-16,248,48.9569,9.071,Sachsenheim,Baden-Württemberg
04350,1966-01-01,2008-12-31,339,47.5619,7.9399,"Säckingen, Bad",Baden-Württemberg
04354,2018-07-16,2020-01-16,456,48.7832,13.3146,Saldenburg-Entschenreuth,Bayern
04364,1965-01-01,1999-12-31,138,52.0355,10.3054,Salzgitter-Ringelheim,Niedersachsen
04367,1992-04-01,2006-12-31,175,52.0781,9.552,Salzhemmendorf-Lauenstein,Niedersachsen
04371,2018-07-16,2020-01-16,135,52.1042,8.7521,"Salzuflen, Bad",Nordrhein-Westfalen
04373,1947-01-01,1972-06-30,29,52.8568,11.1319,Salzwedel,Sachsen-Anhalt
04377,2018-07-16,2020-01-16,518,50.3518,10.0034,Sandberg,Bayern
04386,1947-01-01,2006-12-31,795,47.761,8.1247,Sankt Blasien,Baden-Württemberg
04390,1963-01-01,2004-12-31,896,48.0091,8.0966,Sankt Märgen,Baden-Württemberg
04391,1951-04-01,1969-10-31,3,53.9878,9.1125,Sankt Michaelisdonn,Schleswig-Holstein
04393,2018-07-16,2020-01-16,5,54.3279,8.6031,Sankt Peter-Ording,Schleswig-Holstein
04396,1951-01-01,1960-12-31,400,49.4672,7.2036,Sankt Wendel-Hof,Saarland
04397,1978-02-01,2005-12-31,400,49.5025,7.202,Sankt Wendel-Urweiler,Saarland
04401,1950-01-01,1980-06-30,81,51.6334,8.1872,"Sassendorf, Bad-Ostinghausen",Nordrhein-Westfalen
04411,2018-07-16,2020-01-16,155,49.9195,8.9671,Schaafheim-Schlierbach,Hessen
04419,1947-01-01,2004-12-31,212,47.9556,7.7134,Schallstadt-Mengen,Baden-Württemberg
04424,1966-04-06,1986-12-31,1205,47.9139,7.9083,Schauinsland (UBA),Baden-Württemberg
04425,1951-01-01,1965-12-31,569,49.4864,7.029,Schaumberg-Tholey,Saarland
04429,1981-12-01,1994-08-31,778,47.588,9.85,Scheidegg,Bayern
04433,1987-01-01,2004-12-31,519,48.1994,9.77,Schemmerhofen-Ingerkingen,Baden-Württemberg
04436,1947-01-01,1951-12-31,314,50.8166,9.846,Schenklengsfeld,Hessen
04438,1992-12-01,2006-12-31,317,49.975,11.0395,Scheßlitz,Bayern
04442,1981-01-01,2007-12-31,155,51.9119,9.1533,Schieder,Nordrhein-Westfalen
04445,2018-07-16,2020-01-16,609,51.7658,10.6533,Wernigerode-Schierke,Sachsen-Anhalt
04464,2018-07-16,2020-01-16,501,50.5679,11.8041,Schleiz,Thüringen
04466,1947-01-01,2020-01-16,43,54.5275,9.5487,Schleswig,Schleswig-Holstein
04468,1953-01-01,1973-07-31,19,54.5227,9.5649,Schleswig-Stadtfeld,Schleswig-Holstein
04471,1979-01-01,1985-07-31,780,47.7358,11.8505,Schliersee (A),Bayern
04474,1954-01-01,1973-12-31,170,49.7961,7.7583,Schlossböckelheim,Rheinland-Pfalz
04477,1957-01-01,2010-05-01,993,47.8208,8.186,Schluchsee,Baden-Württemberg
04479,1954-01-01,1985-09-30,375,50.3849,9.5358,Schlüchtern-Kloster Gomfritz,Hessen
04480,2018-07-16,2020-01-16,230,50.3447,9.5534,Schlüchtern-Herolz,Hessen
04484,1961-01-01,1971-03-31,45,53.6615,10.2543,Schmalenbeck,Schleswig-Holstein
04485,2005-02-01,2017-02-28,296,50.725,10.4539,"Schmalkalden, Kurort",Thüringen
04489,1947-01-01,1962-12-31,198,51.8833,10.7667,Schmatzfeld,Sachsen-Anhalt
04490,1966-01-01,2002-12-31,223,49.4149,6.836,Schmelz-Hüttersdorf,Saarland
04501,2018-07-16,2020-01-16,937,50.6546,10.7693,Schmücke,Thüringen
04505,1947-01-01,1987-01-31,650,50.4988,12.4534,Schnarrtanne-Vogelsgrün,Sachsen
04508,2018-07-16,2020-01-16,649,50.2968,6.4194,Schneifelforsthaus,Rheinland-Pfalz
04517,1947-01-01,2008-11-30,635,48.7859,8.6451,"Schömberg, Kr. Calw",Baden-Württemberg
04548,2018-07-16,2020-01-16,608,50.2047,12.1435,Selb/Oberfranken-Lauterbach,Bayern
04549,1977-05-01,2010-09-30,1021,48.1002,8.1969,Schönwald/Schwarzwald,Baden-Württemberg
04556,1972-09-01,2000-08-31,904,48.1402,8.1991,Schonach,Baden-Württemberg
04557,1953-01-01,2002-10-31,400,47.6463,7.8439,Schopfheim-Eichen,Baden-Württemberg
04559,2018-07-16,2020-01-16,398,49.1644,12.6175,Schorndorf-Knöbling,Bayern
04560,2018-07-16,2020-01-16,265,50.4925,9.1226,Schotten,Hessen
04571,1969-06-01,1997-03-31,504,51.8369,10.4312,Schulenberg,Niedersachsen
04576,1977-04-01,1981-07-31,343,49.3261,11.012,Schwabach (A),Bayern
04581,1951-01-01,2002-10-31,415,48.7768,9.8025,Schwäbisch Gmünd-Strassdorf,Baden-Württemberg
04582,1983-04-01,2001-07-31,358,49.0823,9.6892,Schwäbisch Hall-Bibersfeld,Baden-Württemberg
04583,1991-11-26,2008-12-26,300,48.7868,9.7456,Schwäbisch Gmünd (Wind),Baden-Württemberg
04584,1970-04-01,1979-05-31,444,48.3667,11.8,Schwaigermoos,Bayern
04586,1991-01-01,1998-06-30,320,50.1394,8.0627,"Schwalbach, Bad",Hessen
04592,2018-07-16,2020-01-16,356,49.3278,12.0871,Schwandorf,Bayern
04593,1995-07-01,1999-11-30,117,51.9639,11.1208,Schwanebeck,Sachsen-Anhalt
04597,1945-01-01,2010-12-31,792,47.5769,10.7181,Schwangau-Horn,Bayern
04605,2018-07-16,2020-01-16,277,50.6441,11.1936,Schwarzburg,Thüringen
04606,1960-01-01,1980-12-31,116,51.5167,14.35,Schwarze Pumpe,Brandenburg
04612,1936-01-01,1965-06-30,418,50.5513,12.7678,Schwarzenberg,Sachsen
04621,1958-01-01,2003-12-31,240,50.0575,10.216,Schweinfurt-Gartenstadt,Bayern
04625,1890-01-01,2020-01-16,59,53.6425,11.3872,Schwerin,Mecklenburg-Vorpommern
04629,1972-10-01,1999-11-30,37,54.5166,9.142,Schwesing,Schleswig-Holstein
04642,2018-07-16,2020-01-16,21,52.8911,11.7297,Seehausen,Sachsen-Anhalt
04649,1947-01-01,1956-05-31,214,50.8698,7.3228,Seelscheid,Nordrhein-Westfalen
04651,2018-07-16,2020-01-16,186,51.904,10.1885,Seesen,Niedersachsen
04656,1951-01-01,1973-06-30,49,53.9278,10.2993,"Segeberg, Bad",Schleswig-Holstein
04663,1982-02-01,2011-04-12,535,50.1633,12.1188,Selb/Oberfranken (Klärwerk),Bayern
04664,1941-01-01,2000-06-30,611,50.1969,12.1727,Selb/Oberfranken-Wildenau,Bayern
04665,1969-01-01,1975-05-31,431,49.5281,7.0417,Selbach (Tholey),Saarland
04678,1970-01-01,1988-07-29,1,53.5833,8.0333,Sengwarden,Niedersachsen
04692,2018-07-16,2018-11-30,229,50.8534,7.9966,Siegen (Kläranlage),Nordrhein-Westfalen
04702,2000-07-02,2007-11-01,645,48.1,9.25,Sigmaringen (Flugplatz),Baden-Württemberg
04703,2018-07-16,2020-01-16,580,48.0719,9.1942,Sigmaringen-Laiz,Baden-Württemberg
04704,2018-07-16,2020-01-16,507,47.5776,9.7404,Sigmarszell-Zeisertsweiler,Bayern
04705,1947-01-01,1953-12-10,819,49.7595,12.3891,Silberhütte,Bayern
04706,2018-07-16,2020-01-16,358,48.2718,13.0273,Simbach/Inn,Bayern
04709,2018-07-16,2020-01-16,445,49.9996,7.5981,Simmern-Wahlbach,Rheinland-Pfalz
04719,1998-01-01,2007-08-28,169,49.2447,8.8787,Sinsheim,Baden-Württemberg
04729,1989-07-01,2004-02-29,342,50.2882,9.4583,Steinau-Seidenroth,Hessen
04735,1977-01-01,1986-12-31,123,48.7833,8.0833,Söllingen,Baden-Württemberg
04741,1936-01-01,2002-12-31,152,51.14,7.093,Solingen-Hohenscheid,Nordrhein-Westfalen
04745,2018-07-16,2020-01-16,75,52.9604,9.793,Soltau,Niedersachsen
04748,1947-01-01,2010-12-31,221,51.352,10.9059,Sondershausen,Thüringen
04752,1951-01-01,2008-07-01,626,50.3746,11.1828,Sonneberg-Neufang,Thüringen
04763,2018-07-16,2020-01-16,265,51.0607,9.9266,Sontra,Hessen
04765,1951-01-01,1980-12-31,199,51.2801,9.9849,"Sooden-Allendorf, Bad",Hessen
04775,1952-01-01,1965-12-31,424,49.7858,11.8211,Speinshart,Bayern
04782,1991-01-01,1991-12-31,87,51.604,12.1093,Spören-Prussendorf,Sachsen-Anhalt
04818,1964-04-01,2000-12-31,597,50.1531,11.7402,Stammbach-Querenbach,Bayern
04837,1985-12-01,1990-09-30,363,47.9869,7.9466,Stegen,Baden-Württemberg
04841,2018-07-16,2020-01-16,1,53.6946,8.8735,"Steinau, Kr. Cuxhaven",Niedersachsen
04847,1970-01-01,1975-12-31,500,51.3629,9.6902,Steinberg,Niedersachsen
04857,2018-11-01,2020-01-16,1,53.5534,9.6097,Mittelnkirchen-Hohenfelde,Niedersachsen
04878,2018-07-16,2020-01-16,504,51.6646,10.8811,Oberharz am Brocken-Stiege,Sachsen-Anhalt
04880,1984-12-01,NA,450,49.0878,10.124,Stimpfach-Weipertshofen,Baden-Württemberg
04881,1977-10-01,1994-07-31,532,47.8591,9.0152,Stockach,Baden-Württemberg
04886,1975-11-01,2007-05-26,3,53.8333,9.3667,Störsperrwerk,Schleswig-Holstein
04887,1947-04-01,2020-01-16,734,48.6656,9.8648,Stötten,Baden-Württemberg
04896,2018-07-16,2020-01-16,40,54.6654,9.805,Wagersrott,Schleswig-Holstein
04911,1951-01-01,2020-01-16,351,48.8275,12.5597,Straubing,Bayern
04919,1977-10-01,NA,7,54.4965,8.8069,Strucklahnungshörn,Schleswig-Holstein
04926,1946-01-01,2013-05-13,224,48.7896,9.2167,Stuttgart (Neckartal),Baden-Württemberg
04927,1949-08-01,1984-07-31,286,48.7693,9.1814,Stuttgart-Stadt,Baden-Württemberg
04928,2018-07-16,2020-01-16,314,48.8281,9.2,Stuttgart (Schnarrenberg),Baden-Württemberg
04929,1984-09-01,1985-05-31,311,48.8333,9.2,Stuttgart (Schnarrenberg Aero),Baden-Württemberg
04931,1953-01-01,2020-01-16,371,48.6883,9.2235,Stuttgart-Echterdingen,Baden-Württemberg
04933,1900-01-01,1977-06-30,401,48.7091,9.2147,Stuttgart-Hohenheim,Baden-Württemberg
04939,1947-01-01,1958-12-31,235,51.7333,11.1167,"Suderode, Bad",Sachsen-Anhalt
04947,1988-08-17,NA,129,52.2317,10.92,Süpplingen,Niedersachsen
04977,1993-01-01,2002-04-30,45,52.5447,11.9724,Tangermünde,Sachsen-Anhalt
04978,2018-07-16,2020-01-16,395,50.639,10.0228,Tann/Rhön,Hessen
04987,1986-05-01,2004-06-30,179,49.6122,9.6747,Tauberbischofsheim-Dittigheim,Baden-Württemberg
04996,1936-01-01,1999-10-31,837,47.7099,11.7639,Tegernsee,Bayern
04997,2018-07-16,2020-01-16,196,50.9771,12.3419,Starkenberg-Tegkwitz,Thüringen
05009,2018-07-16,2020-01-16,38,53.761,12.5574,Teterow,Mecklenburg-Vorpommern
05014,2018-07-16,2020-01-16,7,53.2758,8.9857,Worpswede-Hüttenbusch,Niedersachsen
05017,2018-07-16,2020-01-16,633,50.4002,11.3889,Teuschnitz,Bayern
05024,1947-01-01,1950-12-31,67,52.2084,12.0328,Möckern-Räckendorf,Sachsen-Anhalt
05029,2018-07-16,2020-01-16,386,49.4738,7.0386,Tholey,Saarland
05032,1986-05-01,2003-12-31,197,49.885,9.8469,Thüngersheim,Bayern
05039,1991-01-01,1998-12-31,236,50.843,10.1613,Tiefenort,Thüringen
05046,2018-07-16,2020-01-16,501,49.8576,12.3542,Tirschenreuth-Lodermühl,Bayern
05047,1948-01-01,1995-12-31,870,47.9394,8.1933,Titisee-Neustadt-Langenordnach,Baden-Württemberg
05049,1957-01-01,2008-05-01,846,47.8991,8.146,Titisee-Neustadt-Titisee,Baden-Württemberg
05059,1982-10-01,2002-12-31,781,47.728,7.9988,Todtmoos,Baden-Württemberg
05063,1936-01-01,2007-05-31,724,47.7566,11.5819,"Tölz, Bad",Bayern
05064,2018-07-16,2020-01-16,37,51.2897,6.4437,Tönisvorst,Nordrhein-Westfalen
05067,1937-01-01,1966-09-30,491,51.7643,9.5628,Torfhaus im Solling,Niedersachsen
05068,1936-01-01,1990-12-31,80,51.5833,13,Torgau,Sachsen
05074,1936-01-01,1960-12-31,626,47.8663,12.6566,Traunstein-Sparz,Bayern
05075,1971-10-01,2004-06-30,635,47.8516,12.6182,Traunstein-Axdorf,Bayern
05078,1940-01-01,NA,2,53.9619,10.8892,Travemünde,Schleswig-Holstein
05088,1991-01-01,2000-12-31,3,54.5337,13.246,Trent,Mecklenburg-Vorpommern
05094,1949-01-01,2001-12-31,683,48.1316,8.2283,Triberg,Baden-Württemberg
05095,1975-07-01,2001-09-01,700,48.1288,8.233,Triberg (Kurpark),Baden-Württemberg
05097,2018-07-16,2020-01-16,10,54.0661,12.7675,Tribsees,Mecklenburg-Vorpommern
05099,2018-07-16,2020-01-16,132,49.7326,6.6131,Trier-Zewen,Rheinland-Pfalz
05100,1948-01-01,2020-01-16,265,49.7479,6.6582,Trier-Petrisberg,Rheinland-Pfalz
05105,1947-01-01,1973-02-28,700,48.3132,9.2472,Trochtelfingen,Baden-Württemberg
05107,1988-06-01,2003-12-31,769,48.2814,9.3137,Trochtelfingen-Wilsingen,Baden-Württemberg
05109,2018-07-16,2020-01-16,69,53.5997,13.3039,Trollenhagen,Mecklenburg-Vorpommern
05111,2018-07-16,2020-01-16,559,48.0311,12.5396,Trostberg,Bayern
05120,1950-01-01,1982-04-30,370,48.5198,9.0515,Tübingen,Baden-Württemberg
05127,1991-02-01,2003-12-31,649,48.0083,8.8179,Tuttlingen,Baden-Württemberg
05128,1979-06-01,1990-12-31,668,47.9682,8.79,Tuttlingen-Möhringen-Vorstadt,Baden-Württemberg
05133,2018-07-16,2020-01-16,295,51.3344,8.9132,Twistetal-Mühlhausen,Hessen
05138,1946-01-01,2003-12-31,446,47.7713,9.1562,Überlingen/Bodensee,Baden-Württemberg
05142,2018-07-16,2020-01-16,1,53.7444,14.0697,Ueckermünde,Mecklenburg-Vorpommern
05146,2018-07-16,2020-01-16,50,52.9414,10.5289,Uelzen,Niedersachsen
05149,2018-07-16,2020-01-16,308,49.5741,10.1916,Gollhofen,Bayern
05154,1974-01-01,1996-09-30,576,48.4,9.9833,Ulm-Wilhelmsburg,Baden-Württemberg
05155,1944-01-01,2014-09-01,567,48.3837,9.9524,Ulm,Baden-Württemberg
05158,2018-07-16,2020-01-16,162,52.1601,11.1759,Ummendorf,Sachsen-Anhalt
05165,1948-02-01,2006-12-31,95,52.8499,10.2898,Unterlüß,Niedersachsen
05174,1975-01-01,2005-12-31,471,48.4951,9.4003,"Urach, Bad",Baden-Württemberg
05185,1971-11-01,2006-12-31,291,49.5933,11.0704,Uttenreuth,Bayern
05226,1987-06-11,2001-11-17,708,47.953,10.9151,Vilgertshofen,Bayern
05229,2018-07-16,2020-01-16,719,48.0453,8.4608,Villingen-Schwenningen,Baden-Württemberg
05236,1959-01-01,1979-12-31,51,52.8318,8.3112,Visbek,Niedersachsen
05244,1961-01-01,1982-02-28,220,49.2581,6.8612,Völklingen-Stadt,Saarland
05245,1976-01-01,1999-08-31,187,49.2495,6.8804,Völklingen (Kraftwerk-Fenne),Saarland
05249,1987-12-08,1990-12-31,464,47.95,12.1833,Vogtareuth (A),Bayern
05250,1936-01-01,2003-12-31,223,48.0908,7.6353,Vogtsburg-Oberrotweil,Baden-Württemberg
05252,1947-01-01,1957-12-31,100,52.103,9.5845,Voldagsen,Niedersachsen
05267,1963-06-01,1975-12-31,86,52.0722,11.0222,Wackersleben,Sachsen-Anhalt
05275,2018-07-16,2020-01-16,105,49.2445,8.5374,Waghäusel-Kirrlach,Baden-Württemberg
05277,1998-01-01,2009-06-30,349,50.8119,9.128,Wahlen,Hessen
05279,2018-12-13,2020-01-16,176,51.6194,9.5749,Wahlsburg-Lippoldsberg,Hessen
05280,2018-07-16,2020-01-16,35,53.9224,10.2267,Wittenborn,Schleswig-Holstein
05282,1917-01-01,1974-06-30,246,51.1197,13.6744,Wahnsdorf bei Dresden,Sachsen
05284,1978-01-01,1991-12-31,224,48.8279,9.3228,Waiblingen,Baden-Württemberg
05289,1983-01-01,2008-04-30,595,48.4918,8.5612,Waldachtal-Lützenhardt,Baden-Württemberg
05291,1948-01-01,1961-12-31,1005,47.976,8.1558,Waldau-Jostal,Baden-Württemberg
05296,1947-01-01,1989-04-30,376,51.207,9.0658,Waldeck,Hessen
05300,2018-07-16,2020-01-16,380,50.2596,8.3607,Waldems-Reinborn,Hessen
05306,1971-12-01,2003-12-31,940,48.9293,13.4641,Waldhäuser (National Park),Bayern
05308,1970-04-09,1986-12-31,72,52.8009,10.7562,Waldhof (Lüneburger Heide UBA),Niedersachsen
05317,1949-01-01,1957-12-31,509,50.0097,12.2979,Waldsassen,Bayern
05319,1981-08-01,NA,576,47.9167,9.7076,"Waldsee, Bad-Reute",Baden-Württemberg
05320,1953-01-01,1991-06-30,330,47.6172,8.2388,Waldshut,Baden-Württemberg
05327,1981-07-14,NA,404,49.5789,9.3975,Walldürn,Baden-Württemberg
05335,2018-07-16,2020-01-16,348,50.8963,10.548400000000001,Waltershausen,Thüringen
05344,1941-03-01,2006-12-31,2,53.7865,7.9096,Wangerooge,Niedersachsen
05347,2018-07-16,2020-01-16,236,51.504,9.1118,Warburg,Nordrhein-Westfalen
05349,2018-07-16,2020-01-16,73,53.5196,12.6654,Waren (Müritz),Mecklenburg-Vorpommern
05361,1949-01-01,2005-12-31,270,50.6271,9.442,Wartenberg-Angersbach,Hessen
05369,1949-01-01,1993-12-31,443,48.0572,12.2202,Wasserburg,Bayern
05371,1936-01-01,2020-01-16,921,50.4973,9.9428,Wasserkuppe,Hessen
05377,1948-01-01,1953-09-30,1923,47.5714,12.9337,Watzmannhaus,Bayern
05397,1947-01-01,2020-01-16,440,49.6663,12.1845,Weiden,Bayern
05398,1948-01-01,1971-06-30,425,49.1965,10.6487,"Weidenbach, Kr.Ansbach",Bayern
05403,1991-11-01,2004-12-31,309,49.59,10.2588,Weigenheim-Reusch,Bayern
05404,2018-07-16,2020-01-16,477,48.4025,11.6946,Weihenstephan-Dürnast,Bayern
05410,1947-01-01,1993-06-30,150,50.4732,8.2588,Weilburg (Kläranlage),Hessen
05412,1991-05-31,NA,771,47.6802,8.1964,Weilheim-Bierbronnen,Baden-Württemberg
05419,1950-01-01,2007-06-30,264,50.9751,11.3076,Weimar,Thüringen
05424,2018-07-16,2020-01-16,328,51.0177,11.3544,Weimar-Schöndorf,Thüringen
05426,2018-07-16,2020-01-16,553,49.3758,8.1213,Weinbiet,Rheinland-Pfalz
05429,1953-01-01,1984-06-30,219,49.1512,9.292,Weinsberg,Baden-Württemberg
05431,1947-01-01,1976-09-30,24,53.0333,11.8,Weisen bei Wittenberge,Sachsen-Anhalt
05433,2018-07-16,2020-01-16,380,49.5534,6.812,Weiskirchen/Saar,Saarland
05434,1951-01-01,1992-05-31,317,50.0858,11.2364,Weismain,Bayern
05435,1981-01-01,2003-12-31,455,48.8457,8.9073,Weissach,Baden-Württemberg
05440,2018-07-16,2020-01-16,439,49.0116,10.9308,Weißenburg-Emetzheim,Bayern
05442,1949-04-01,2005-12-31,109,51.2002,11.9154,Weißenfels,Sachsen-Anhalt
05445,1983-02-01,2007-12-31,165,51.212,10.9956,Weißensee-Ottenhausen,Thüringen
05453,1992-06-01,2003-12-31,173,48.188,7.6977,Weisweil-Waldeckhof,Baden-Württemberg
05460,1978-12-01,1984-07-31,655,48.1477,8.6954,Wellendingen,Baden-Württemberg
05463,1994-12-01,2000-01-31,58,52.0654,14.6898,Wellmitz,Brandenburg
05467,1951-01-01,2012-09-20,1832,47.7035,12.0119,Wendelstein,Bayern
05480,2018-07-16,2020-01-16,85,51.5763,7.8879,Werl,Nordrhein-Westfalen
05488,1949-01-01,1986-03-31,216,49.9622,10.0482,"Mühlhausen, Kr. Schweinfurt",Bayern
05490,2018-07-16,2020-01-16,233,51.8454,10.7686,Wernigerode,Sachsen-Anhalt
05498,1947-07-10,2004-11-30,140,49.7667,9.5428,Wertheim-Eichel,Baden-Württemberg
05514,1936-01-01,1961-12-31,3,54.8991,8.3123,Westerland,Schleswig-Holstein
05515,1965-01-01,1986-12-31,12,54.9231,8.308,Westerland (UBA),Schleswig-Holstein
05516,1948-01-01,2020-01-16,3,54.5284,11.0605,Fehmarn,Schleswig-Holstein
05533,1990-12-01,2003-12-31,351,51.617,10.5843,Wieda,Niedersachsen
05538,2018-07-16,2020-01-16,550,47.8827,11.1576,Wielenbach (Demollstr.),Bayern
05540,1936-01-01,2012-06-30,147,50.0681,8.2603,Wiesbaden (Süd),Hessen
05541,2018-07-16,2020-01-16,263,50.132,8.317,Wiesbaden-Auringen,Hessen
05543,1960-01-01,1986-07-31,235,50.0863,8.1872,Wiesbaden-Dotzheim,Hessen
05546,2018-07-16,2020-01-16,187,52.1207,12.4585,Wiesenburg,Brandenburg
05559,1949-01-01,2001-06-30,385,48.7848,8.5764,"Wildbad, Bad-Calmbach",Baden-Württemberg
05560,1946-01-01,2003-11-30,740,48.7501,8.5365,"Wildbad, Bad-Sommerberg",Baden-Württemberg
05562,2018-07-16,2020-01-16,570,48.6516,8.6801,Neubulach-Oberhaugstett,Baden-Württemberg
05564,1975-01-01,1992-03-31,88,51.1167,6.2167,Wildenrath,Nordrhein-Westfalen
05568,1947-01-01,2001-03-31,310,51.1056,9.1081,"Wildungen, Bad",Hessen
05575,1953-01-01,1998-06-30,1,53.5901,8.106,Wilhelmshaven,Niedersachsen
05582,1940-01-01,2005-12-31,580,51.294,8.6026,Willingen/Upland,Hessen
05583,1983-08-01,2006-01-31,594,51.2818,8.6673,Willingen/Upland-Usseln,Hessen
05609,1994-08-01,2002-03-31,240,48.8031,9.4699,"Winterbach, Rems-Murr-Kreis",Baden-Württemberg
05610,1958-01-01,2008-12-31,681,51.1968,8.5268,Winterberg,Nordrhein-Westfalen
05624,1947-01-01,1950-12-31,13,53.9026,11.4254,Wismar,Mecklenburg-Vorpommern
05629,2018-07-16,2020-01-16,105,51.8892,12.6445,Wittenberg,Sachsen-Anhalt
05640,1969-01-01,NA,8,53.5504,7.6672,Wittmundhafen,Niedersachsen
05642,2000-07-02,2001-09-28,72,53.1833,12.5167,Wittstock,Brandenburg
05643,2018-07-16,2020-01-16,66,53.1864,12.4949,Wittstock-Rote Mühle,Brandenburg
05644,1948-01-01,1999-08-31,133,51.3493,9.8438,Witzenhausen,Hessen
05654,1948-07-01,2007-12-31,464,49.2178,10.2296,Wörnitz-Bottenweiler,Bayern
05663,1979-01-01,1996-11-30,118,53.4618,13.6099,Woldegk,Mecklenburg-Vorpommern
05664,2018-07-16,2020-01-16,291,48.2953,8.2391,Wolfach,Baden-Württemberg
05665,1979-10-01,2010-05-01,677,47.818,9.797,Wolfegg,Baden-Württemberg
05675,1961-01-01,1988-08-31,56,52.4411,10.7587,Wolfsburg,Niedersachsen
05676,2018-07-16,2020-01-16,82,52.3962,10.6892,Wolfsburg (Südwest),Niedersachsen
05681,1981-09-01,2019-12-31,200,49.5811,7.6234,Wolfstein/Pfalz,Rheinland-Pfalz
05688,2018-11-01,2020-01-16,880,47.7003,8.1057,Dachsberg-Wolpadingen,Baden-Württemberg
05692,2018-07-16,2020-01-16,88,49.6051,8.3659,Worms,Rheinland-Pfalz
05703,1951-01-01,1986-01-31,170,49.7964,9.8949,Würzburg (Klärwerk),Bayern
05705,1947-04-01,2020-01-16,268,49.7703,9.9577,Würzburg,Bayern
05707,1901-01-01,1953-01-31,175,49.7995,9.928,Würzburg (Physikalisches-Institut),Bayern
05715,1974-01-01,NA,57,52.4605,9.4311,Wunstorf,Niedersachsen
05717,2018-07-16,2020-01-16,134,51.2256,7.1052,Wuppertal-Buchenhofen,Nordrhein-Westfalen
05719,2004-10-01,2009-12-10,235,51.2051,7.2,Remscheid,Nordrhein-Westfalen
05728,1952-04-01,1981-12-31,35,52.8039,12.8714,Wustrau-Ziethenhorst,Brandenburg
05731,2018-07-16,2020-01-16,398,47.6783,8.3801,Wutöschingen-Ofteringen,Baden-Württemberg
05732,1887-07-01,2003-06-30,8,54.6928,8.5271,Wrixum/Föhr,Schleswig-Holstein
05745,2018-07-16,2020-01-16,51,52.9664,13.3268,Zehdenick,Brandenburg
05750,2018-07-16,2020-01-16,264,51.0314,12.1495,Zeitz,Sachsen-Anhalt
05761,1903-11-01,1980-12-31,69,51.9642,12.0996,Zerbst,Sachsen-Anhalt
05778,1991-01-01,2004-07-31,2,54.0801,13.8989,Zinnowitz,Mecklenburg-Vorpommern
05779,2018-07-16,2020-01-16,877,50.7314,13.7516,Zinnwald-Georgenfeld,Sachsen
05792,1900-08-01,2020-01-16,2964,47.4209,10.9847,Zugspitze,Bayern
05797,2018-07-16,2020-01-16,353,50.6878,12.4329,Lichtentanne,Sachsen
05800,2018-07-16,2020-01-16,615,49.028,13.2385,Zwiesel,Bayern
05802,1948-01-01,2003-09-30,615,49.0007,13.2137,Zwieselberg,Bayern
05821,1961-01-01,1976-12-31,36,52.8482,8.719,Bassum (A),Niedersachsen
05822,2018-07-16,2019-07-08,40,52.863,8.6988,Bassum,Niedersachsen
05825,2018-07-16,2020-01-16,40,52.6198,12.7867,Berge,Brandenburg
05832,1946-01-01,1954-11-30,50,53.1007,11.0455,Dannenberg,Niedersachsen
05839,1997-07-01,2020-01-16,-0,53.3881,7.2287,Emden,Niedersachsen
05840,1974-06-01,2005-03-31,600,48.6669,8.4699,Enzklösterle,Baden-Württemberg
05841,1977-03-01,1979-02-28,600,48.6667,8.4667,Enzklösterle (A),Baden-Württemberg
05851,1997-03-12,NA,392,51.0806,8.8769,Frankenberg-Geismar,Hessen
05856,1997-01-04,2020-01-16,476,48.5451,13.3531,Fürstenzell,Bayern
05871,1998-11-01,2020-01-16,497,49.9462,7.2645,Hahn,Rheinland-Pfalz
05877,1997-03-10,NA,5,54.316,10.8002,Putlos,Schleswig-Holstein
05885,1951-01-01,1977-05-31,289,48.6582,9.4203,Kirchheim/Teck-Ötlingen,Baden-Württemberg
05890,1951-01-01,1991-07-31,850,47.6777,11.0473,"Kohlgrub, Bad (A)",Bayern
05898,1949-03-01,1984-06-30,287,48.8943,9.2058,Ludwigsburg,Baden-Württemberg
05904,1978-05-01,2005-01-31,431,48.6493,11.7772,Mainburg,Bayern
05906,1936-01-01,2020-01-16,98,49.5062,8.5585,Mannheim,Baden-Württemberg
05912,1950-01-01,2003-12-31,169,51.0989,9.538,Malsfeld,Hessen
05920,1950-01-01,1997-07-31,91,50.4485,7.4275,Neuwied,Rheinland-Pfalz
05930,2018-07-16,2020-01-16,1,54.641,10.0238,Schönhagen (Ostseebad),Schleswig-Holstein
05941,2018-07-16,2020-01-16,686,47.6754,12.4698,Reit im Winkl,Bayern
05971,1951-01-01,1963-02-28,510,48.8787,9.6342,Welzheim (A),Baden-Württemberg
06086,1997-11-01,2000-06-30,71,52.7786,13.759,Melchow-Schönholz,Brandenburg
06091,1997-10-08,NA,14,53.7674,7.6721,Spiekeroog (SWN),Niedersachsen
06093,2018-07-16,2020-01-16,62,53.2139,10.4704,Wendisch Evern,Niedersachsen
06095,1998-05-01,1999-09-30,273,51.0838,13.4486,Taubenheim-Seeligstadt,Sachsen
06096,1998-07-17,NA,416,49.1423,10.7301,Altmühlsee,Bayern
06097,1998-11-04,NA,4,54.4738,12.5014,Darßer Ort (SWN),Mecklenburg-Vorpommern
06098,2000-05-03,2010-04-30,398,47.8147,9.0237,Stockach-Espasingen,Baden-Württemberg
06099,2000-04-20,NA,450,47.702,8.7318,Gailingen,Baden-Württemberg
06101,1999-12-16,NA,51,54.1323,11.6719,Bastorf-Kägsdorf (SWN),Mecklenburg-Vorpommern
06102,1999-03-31,NA,397,47.5396,9.6843,Lindau (SWN),Bayern
06103,2000-06-06,NA,923,47.4287,11.2617,Mittenwald/Obb.,Bayern
06105,2018-07-16,2020-01-16,14,54.3194,9.8051,Ostenfeld (Rendsburg),Schleswig-Holstein
06106,2002-06-30,NA,62,53.3311,12.7149,Rechlin,Mecklenburg-Vorpommern
06107,1999-04-14,NA,705,47.8076,9.1035,Sipplingen (SWN),Baden-Württemberg
06108,2001-06-27,NA,7,53.7197,9.4192,Ruthenstrom,Niedersachsen
06109,2018-07-16,2020-01-16,50,53.3837,14.3728,Grambow-Schwennenz,Mecklenburg-Vorpommern
06110,1998-09-01,2004-08-31,11,53.8545,13.4949,Medow-Wussentin,Mecklenburg-Vorpommern
06112,1998-10-01,2000-01-31,2,54.267,13.143,Stralsund-Devin,Mecklenburg-Vorpommern
06129,2018-07-16,2020-01-16,290,51.0593,14.4266,Sohland/Spree,Sachsen
06136,1982-08-01,1995-04-30,220,50.7,8.3,Dillenburg-Niederscheld (Kläranlage),Hessen
06157,2018-07-16,2020-01-16,8,53.641,8.0808,Wangerland-Hooksiel,Niedersachsen
06158,2018-07-16,2020-01-16,455,49.2247,10.6084,Weidenbach-Weiherschneidbach,Bayern
06159,2018-07-16,2020-01-16,8,52.9542,7.3196,Dörpen,Niedersachsen
06163,2018-07-16,2020-01-16,27,54.1654,10.3519,Dörnick,Schleswig-Holstein
06170,2018-07-16,2020-01-16,40,52.0192,14.7254,Coschen,Brandenburg
06181,1987-06-01,1992-12-31,218,51.3154,9.4281,Kassel-Wilhelmshöhe,Hessen
06182,2000-04-01,2012-03-27,404,48.7757,12.1743,Mallersdorf-Pfaffenberg,Bayern
06183,1976-02-01,1989-12-31,16,54.9,8.3167,Westerland (Wind),Schleswig-Holstein
06184,1988-08-01,2009-06-15,6,53.5333,8.1667,Wilhelmshaven (Flugplatz),Niedersachsen
06186,2018-07-16,2019-05-26,268,50.1989,7.8651,Nastätten,Rheinland-Pfalz
06189,1971-01-01,1995-08-31,34,53.1333,9.35,Rotenburg (Wümme) (Flugplatz),Niedersachsen
06192,2000-02-01,2008-10-31,115,49.8083,7.8458,"Münster am Stein, Bad",Rheinland-Pfalz
06196,2000-09-01,NA,610,50.1587,12.0386,Selb-Spielberg,Bayern
06197,2018-07-16,2020-01-16,258,51.8664,9.2709,Lügde-Paenbruch,Nordrhein-Westfalen
06199,2018-07-16,2020-01-16,16,54.2484,13.0418,Steinhagen-Negast,Mecklenburg-Vorpommern
06211,1987-06-10,NA,464,47.955,12.1735,Vogtareuth (Kläranlage),Bayern
06217,2018-07-16,2020-01-16,190,49.2406,6.9351,Saarbrücken-Burbach,Saarland
06219,2001-07-01,2001-10-31,394,48.8768,11.1043,Dollnstein-Breitenfurt,Bayern
06221,1991-09-03,1994-06-30,6,53.5084,7.0781,Krummhörn (Hooge),Niedersachsen
06238,2001-11-23,2017-07-29,675,47.9946,11.269,Starnberg-Perchting,Bayern
06242,2018-10-19,2020-01-16,64,50.4088,7.489,Mülheim-Kärlich,Rheinland-Pfalz
06243,2018-07-12,2020-01-16,96,49.2506,8.4422,Philippsburg KKW,Baden-Württemberg
06244,2018-07-12,2020-01-16,145,49.365,9.0804,Obrigheim,Baden-Württemberg
06245,2018-06-11,2020-01-16,180,49.0423,9.1733,Neckarwestheim KKW,Baden-Württemberg
06247,2018-07-01,2020-01-16,307,47.6078,8.1813,Dogern (Leibstadt),Baden-Württemberg
06253,2001-10-01,NA,31,52.4228,12.5667,Brandenburg/Havel,Brandenburg
06255,2018-10-18,2018-12-31,351,49.4667,6.3968,Perl/Saar,Saarland
06258,2018-07-16,2020-01-16,459,47.6845,9.4409,Friedrichshafen-Unterraderach,Baden-Württemberg
06259,2018-07-16,2020-01-16,523,49.021,9.6032,Großerlach-Mannenweiler,Baden-Württemberg
06260,2018-07-16,2020-01-16,385,49.3328,9.704,Ingelfingen-Stachenhausen,Baden-Württemberg
06262,2018-07-16,2020-01-16,413,48.7695,9.8737,Schwäbisch Gmünd-Weiler,Baden-Württemberg
06263,2018-07-16,2020-01-16,445,47.7738,8.8219,Singen,Baden-Württemberg
06264,2018-07-16,2020-01-16,457,51.414,8.65,Brilon-Thülen,Nordrhein-Westfalen
06265,2018-07-16,2020-01-16,36,52.3613,12.3867,Wusterwitz,Brandenburg
06266,2018-07-16,2020-01-16,112,52.0304,10.9626,Huy-Pabstorf,Sachsen-Anhalt
06272,2018-07-16,2020-01-16,283,50.8426,10.2518,Moorgrund Gräfen-Nitzendorf,Thüringen
06273,2018-07-16,2020-01-16,36,52.5075,11.8551,Demker,Sachsen-Anhalt
06275,2018-07-16,2020-01-16,325,48.6705,9.4627,Notzingen,Baden-Württemberg
06277,1971-01-01,1990-04-30,66,52.4167,10.6667,Wolfsburg (Schleuse),Niedersachsen
06304,2002-10-01,2006-12-31,550,49.3533,11.5053,Pilsach-Litzlohe,Bayern
06305,2018-07-16,2020-01-16,193,51.2061,10.4978,Mühlhausen/Thüringen-Görmar,Thüringen
06310,2018-07-16,2020-01-16,1,54.1049,13.8239,Karlshagen,Mecklenburg-Vorpommern
06312,2018-07-16,2020-01-16,362,49.5314,10.6418,Markt Erlbach-Mosbach,Bayern
06314,2018-07-16,2020-01-16,308,51.0507,13.3003,Nossen,Sachsen
06336,2018-07-16,2020-01-16,288,50.0132,9.654,Lohr/Main-Halsbach,Bayern
06337,2018-07-16,2020-01-16,59,51.7663,7.5194,Lüdinghausen-Brochtrup,Nordrhein-Westfalen
06344,2018-07-16,2020-01-16,168,50.394,8.1423,Runkel-Ennerich,Hessen
06346,2018-07-16,2020-01-16,531,48.207,11.2035,Maisach-Galgen,Bayern
06347,2018-07-16,2020-01-16,304,50.0579,10.2972,Schonungen-Mainberg,Bayern
07075,2018-07-16,2020-01-16,425,48.702,11.8493,Elsendorf-Horneck,Bayern
07099,2018-07-16,2020-01-16,187,52.0111,10.3966,Liebenburg-Othfresen,Niedersachsen
07105,2018-07-16,2020-01-16,719,47.835,12.6548,Siegsdorf-Höll,Bayern
07106,2018-07-16,2020-01-16,105,52.0714,8.4565,Bielefeld-Deppendorf,Nordrhein-Westfalen
07135,1951-01-01,2004-12-31,565,47.9655,9.6804,Aulendorf-Haslach,Baden-Württemberg
07187,2018-07-16,2020-01-16,193,49.7636,9.4063,Freudenberg/Main-Boxtal,Baden-Württemberg
07244,1967-01-01,2004-09-30,62,53.1424,13.0319,Neuglobsow (HM),Brandenburg
07298,2018-07-16,2020-01-16,5,54.5268,9.0425,Hattstedt,Schleswig-Holstein
07308,1985-02-06,NA,541,47.8847,11.154,Wielenbach,Bayern
07319,2018-11-01,2020-01-16,435,48.7374,10.7393,Donauwörth-Osterweiler,Bayern
07321,2018-07-16,2020-01-16,160,51.1507,11.3321,Olbersleben,Thüringen
07325,2011-09-01,2017-01-16,2650,47.4167,10.9794,Schneefernerhaus,Bayern
07329,2018-07-16,2020-01-16,465,50.5467,12.2863,Treuen,Sachsen
07330,2018-07-16,2020-01-16,159,51.4633,7.978,Arnsberg-Neheim,Nordrhein-Westfalen
07331,2018-07-16,2020-01-16,468,48.6099,10.2674,Hermaringen-Allewind,Baden-Württemberg
07341,2005-07-19,2020-01-16,119,50.09,8.7862,Offenbach-Wetterpark,Hessen
07343,2018-07-16,2020-01-16,688,50.6199,13.4816,Deutschneudorf-Brüderwiese,Sachsen
07350,2018-07-16,2020-01-16,585,49.1088,12.8231,Prackenbach-Neuhäusl,Bayern
07351,2018-07-16,2020-01-16,116,53.3175,13.4175,Feldberg/Mecklenburg,Mecklenburg-Vorpommern
07364,2018-07-16,2020-01-16,74,51.682,12.3042,Jeßnitz,Sachsen-Anhalt
07367,2018-07-16,2020-01-16,144,51.9643,9.8072,Alfeld,Niedersachsen
07368,2018-07-16,2020-01-16,312,51.0007,10.3621,Eisenach,Thüringen
07369,2018-07-16,2020-01-16,475,49.1623,10.3662,Feuchtwangen-Heilbronn,Bayern
07370,2018-07-16,2020-01-16,499,49.391,12.6838,Waldmünchen,Bayern
07373,2018-07-16,2020-01-16,3,53.5984,6.7024,Borkum-Flugplatz,Niedersachsen
07374,2018-07-16,2020-01-16,46,52.0814,6.941,Ahaus,Nordrhein-Westfalen
07389,2018-07-16,2020-01-16,82,52.7461,13.8427,Heckelberg,Brandenburg
07391,2012-02-01,NA,443,49.5561,8.9669,Oberzent-Beerfelden-Vogelherd,Hessen
07392,2008-01-01,NA,304,50.3332,10.4487,Aubstadt,Bayern
07393,2018-07-16,2020-01-16,116,51.4493,14.2533,Hoyerswerda,Sachsen
07394,2018-07-16,2020-01-16,622,50.0315,11.9745,Wunsiedel-Schönbrunn,Bayern
07395,2018-07-16,2020-01-16,351,48.6595,12.5388,Gottfrieding,Bayern
07396,2018-07-16,2020-01-16,743,50.5084,9.2247,Hoherodskopf/Vogelsberg,Hessen
07403,2018-07-16,2020-01-16,672,47.7955,10.0324,Leutkirch-Herlazhofen,Baden-Württemberg
07410,2018-07-16,2020-01-16,350,50.7513,9.0224,Neu-Ulrichstein,Hessen
07412,2018-07-16,2020-01-16,340,50.0083,9.4239,Neuhütten/Spessart,Bayern
07416,2008-09-11,NA,541,51.0112,8.2733,Birkelbach,Nordrhein-Westfalen
07419,2018-07-16,2020-01-16,389,50.661,12.0756,Langenwetzendorf-Göttendorf,Thüringen
07420,2018-07-16,2020-01-16,246,51.1044,11.7112,Naumburg/Saale-Kreipitzsch,Sachsen-Anhalt
07424,2018-07-16,2020-01-16,457,47.7724,12.9073,Piding,Bayern
07427,2018-07-16,2020-01-16,17,54.0188,9.9255,Padenstedt (Pony-Park),Schleswig-Holstein
07428,2018-07-16,2020-01-16,397,50.4167,10.8156,Veilsdorf,Thüringen
07431,2018-07-16,2020-01-16,604,48.013,11.5524,Oberhaching-Laufzorn,Bayern
07432,2018-07-16,2020-01-16,72,52.6423,10.6627,Wittingen-Vorhop,Niedersachsen
10510,2009-01-01,NA,241,48.8059,9.5046,Winterbach/Remstal,Baden-Württemberg
13667,2006-11-23,2008-07-06,274,48.0006,7.845,Freiburg-Mitte,Baden-Württemberg
13670,2018-07-16,2020-01-16,24,51.5088,6.7018,Duisburg-Baerl,Nordrhein-Westfalen
13674,2018-07-16,2020-01-16,237,49.2943,8.9053,Waibstadt,Baden-Württemberg
13675,2018-07-16,2020-01-16,77,52.0818,9.4077,Hameln-Hastenbeck,Niedersachsen
13676,2010-01-01,NA,378,48.8608,12.0323,Langquaid-Oberschneidhart,Bayern
13693,2008-06-11,NA,70,51.9258,8.3111,Gütersloh/Ems,Nordrhein-Westfalen
13696,2018-07-16,2020-01-16,60,51.5966,7.4049,Waltrop-Abdinghof,Nordrhein-Westfalen
13700,2018-07-16,2020-01-16,205,51.3329,7.3411,Gevelsberg-Oberbröking,Nordrhein-Westfalen
13701,2008-09-01,NA,250,51.1945,9.9885,Eschwege-Eltmannshausen,Hessen
13710,2018-07-16,2020-01-16,490,48.5734,12.2576,Landshut-Reithof,Bayern
13711,2018-07-16,2020-01-16,289,50.6819,11.515,Krölpa-Rockendorf,Thüringen
13713,2018-07-16,2020-01-16,380,51.0899,7.629,Meinerzhagen-Redlendorf,Nordrhein-Westfalen
13776,2008-03-01,2010-12-31,85,52.1789,9.9524,Hildesheim-Drispenstedt,Niedersachsen
13777,2018-07-16,2020-01-16,110,52.2467,10.9592,Helmstedt-Emmerstedt,Niedersachsen
13900,1995-01-01,NA,145,50.2688,9.358,"Soden,Bad-Salmünster (Kläranlage)",Hessen
13901,1979-02-01,NA,41,51.7343,7.1998,Haltern (Wasserwerk),Nordrhein-Westfalen
13903,2008-09-28,2009-08-31,15,54.0167,8.3167,Bake Zulu,Niedersachsen
13904,2008-09-28,2008-12-30,3,55,6.3333,Nordseeboje 2,Hamburg
13932,1987-05-21,NA,387,48.3617,13.1938,Rotthalmünster (Landwirtschaftsamt),Bayern
13952,2009-02-01,NA,278,51.4089,8.0094,Arnsberg-Müschede,Nordrhein-Westfalen
13965,2018-07-16,2020-01-16,619,48.2639,8.8134,Balingen-Bronnhaupten,Baden-Württemberg
14003,1974-10-01,1980-09-30,728,47.8619,10.6144,Kaufbeuren (Flugplatz),Bayern
14138,2009-09-14,2017-01-16,73,52.1655,14.1224,Falkenberg (Grenzschichtmessfeld),Brandenburg
14311,1961-01-01,2005-12-31,530,50.15,6.5528,Hersdorf-Weißenseifen,Rheinland-Pfalz
15000,2011-04-01,2020-01-16,231,50.7983,6.0244,Aachen-Orsbach,Nordrhein-Westfalen
15044,2011-10-01,NA,199,50.4517,7.4058,Neuwied-Feldkirchen-Hüllenberg,Rheinland-Pfalz
15120,2012-03-01,NA,379,51.5572,8.7019,Haaren,Nordrhein-Westfalen
15122,2012-04-01,NA,380,49.52,10.2854,Ergersheim-Neuherberg,Bayern
15189,2013-05-01,NA,12,53.8281,12.5936,Sukow-Levitzow,Mecklenburg-Vorpommern
15190,2018-07-01,NA,18,51.6802,6.4349,Xanten (Wasserwerk),Nordrhein-Westfalen
15200,2013-06-01,NA,327,51.2531,7.2156,Wuppertal,Nordrhein-Westfalen
15207,2018-07-16,2020-01-16,317,51.2835,9.359,Schauenburg-Elgershausen,Hessen
15214,2013-11-01,NA,808,47.6247,10.8076,Halblech-Bayerniederhofen,Bayern
15444,2018-07-16,2020-01-16,593,48.4418,9.9216,Ulm-Mähringen,Baden-Württemberg
15520,2015-09-01,NA,656,47.819,12.2956,Frasdorf-Greimelberg,Bayern
15526,1891-01-01,1935-12-31,29,53.5467,9.9716,Hamburg (Deutsche Seewarte),Hamburg
15547,2016-10-01,NA,215,49.1259,9.1428,Heilbronn/Neckar,Baden-Württemberg
15555,2018-07-16,2020-01-16,816,47.8761,10.5848,Kaufbeuren-Oberbeuren,Bayern
15926,1951-01-01,1955-10-20,370,49.341,12.133,Fronberg (Schwandorf),Bayern
15951,1976-04-01,2004-08-31,280,49.2121,7.5882,Pirmasens (Kläranlage),Rheinland-Pfalz
15963,1954-01-01,2004-11-30,40,51.3258,6.5089,St. Tönis,Nordrhein-Westfalen
15965,1969-05-01,1984-08-31,350,50.3102,9.7838,"Brückenau, Bad (Elisabethenhof)",Bayern
15979,1948-01-01,1979-03-31,426,49.9311,7.5153,Sargenroth,Rheinland-Pfalz
16085,1960-07-01,1961-12-31,8,53.5874,8.6011,Leherheide,Bremen
19087,1957-05-01,1995-11-30,645,48.8049,13.5528,Freyung vorm Wald,Bayern
